Track URI,Track Name,Album Name,Artist Name(s),Release Date,Duration (ms),Popularity,Explicit,Added By,Added At,Genres,Record Label,Danceability,Energy,Key,Loudness,Mode,Speechiness,Acousticness,Instrumentalness,Liveness,Valence,Tempo,Time Signature
spotify:track:3sK8wGT43QFpWrvNQsrQya,"DtMF","DeBÍ TiRAR MáS FOToS","Bad Bunny",2025-01-05,237117,100,true,vnubrek2s9o1fzz7lu062vu04,2026-02-15T16:53:00Z,"reggaetón,trap latino,latina,urbano latino","Rimas Entertainment LLC.",0.625,0.131,7,-27.405,0,0.0717,0.177,0.218,0.0807,0.032,136.02,4
spotify:track:5TFD2bmFKGhoCRbX61nXY5,"NUEVAYoL","DeBÍ TiRAR MáS FOToS","Bad Bunny",2025-01-05,183685,97,false,vnubrek2s9o1fzz7lu062vu04,2026-02-15T16:53:03Z,"reggaetón,trap latino,latina,urbano latino","Rimas Entertainment LLC.",0.142,0.195,6,-20.024,1,0.139,0.265,0.995,0.204,0.12,137.922,4
spotify:track:2lTm559tuIvatlT1u0JYG2,"BAILE INoLVIDABLE","DeBÍ TiRAR MáS FOToS","Bad Bunny",2025-01-05,367725,98,true,vnubrek2s9o1fzz7lu062vu04,2026-02-15T16:53:10Z,"reggaetón,trap latino,latina,urbano latino","Rimas Entertainment LLC.",0.168,0.00332,10,-46.113,1,0.0615,0.192,0.79,0.112,0.219,119.387,3
spotify:track:6VNXmo59yDYgcwLS17UNAW,"CAFé CON RON","DeBÍ TiRAR MáS FOToS","Bad Bunny;Los Pleneros de la Cresta",2025-01-05,228836,88,false,vnubrek2s9o1fzz7lu062vu04,2026-02-15T16:53:14Z,"reggaetón,trap latino,latina,urbano latino","Rimas Entertainment LLC.",0.328,0.153,9,-26.802,1,0.0564,0.148,0.00000128,0.397,0.0376,95.506,4
spotify:track:6J5kc12BW5HuP3d7C3vvx8,"EoO","DeBÍ TiRAR MáS FOToS","Bad Bunny",2025-01-05,204768,95,true,vnubrek2s9o1fzz7lu062vu04,2026-02-15T16:53:17Z,"reggaetón,trap latino,latina,urbano latino","Rimas Entertainment LLC.",0.36,0.464,10,-29.598,0,0.0702,0.749,0.859,0.0825,0.184,63.662,4
spotify:track:0iKo4pNNjHHdKUcFARlfCa,"EL CLúB","DeBÍ TiRAR MáS FOToS","Bad Bunny",2025-01-05,222568,84,true,vnubrek2s9o1fzz7lu062vu04,2026-02-15T16:53:21Z,"reggaetón,trap latino,latina,urbano latino","Rimas Entertainment LLC.",0.516,0.611,10,-5.486,0,0.0555,0.458,0.0000534,0.113,0.261,110.744,4
spotify:track:4MjDJD8cW7iVeWInc2Bdyj,"MONACO","nadie sabe lo que va a pasar mañana","Bad Bunny",2023-10-13,267194,88,true,vnubrek2s9o1fzz7lu062vu04,2026-02-15T16:53:28Z,"reggaetón,trap latino,latina,urbano latino","Rimas Entertainment LLC",0.787,0.621,4,-5.009,0,0.068,0.15,0.000402,0.58,0.13,139.056,4
spotify:track:3nNmRE0DxHC6ZaKkrpUumS,"FINA","nadie sabe lo que va a pasar mañana","Bad Bunny;Young Miko",2023-10-13,216327,78,true,vnubrek2s9o1fzz7lu062vu04,2026-02-15T16:53:31Z,"reggaetón,trap latino,latina,urbano latino","Rimas Entertainment LLC",0.847,0.724,1,-5.41,1,0.298,0.0869,0.00000111,0.118,0.396,94.601,4
spotify:track:2sTDlCxmuZCTDKKk9f1qus,"WHERE SHE GOES","nadie sabe lo que va a pasar mañana","Bad Bunny",2023-10-13,231704,76,true,vnubrek2s9o1fzz7lu062vu04,2026-02-15T16:53:36Z,"reggaetón,trap latino,latina,urbano latino","Rimas Entertainment LLC",0.651,0.799,9,-4.02,0,0.0611,0.143,0.634,0.112,0.223,143.992,4
spotify:track:1ODFVLQszq0hCOdZtqV5wq,"MR. OCTOBER","nadie sabe lo que va a pasar mañana","Bad Bunny",2023-10-13,189258,74,true,vnubrek2s9o1fzz7lu062vu04,2026-02-15T16:53:40Z,"reggaetón,trap latino,latina,urbano latino","Rimas Entertainment LLC",0.805,0.612,8,-5.682,0,0.172,0.188,0.0000196,0.134,0.425,126.013,4
spotify:track:6Xom58OOXk2SoU711L2IXO,"Moscow Mule","Un Verano Sin Ti","Bad Bunny",2022-05-06,245939,86,true,vnubrek2s9o1fzz7lu062vu04,2026-02-15T16:53:44Z,"reggaetón,trap latino,latina,urbano latino","Rimas Entertainment LLC",0.804,0.674,5,-5.453,0,0.0333,0.294,0.00000118,0.115,0.292,99.968,4
spotify:track:1dm6z1fWB0cErMszU25dy2,"Después de la Playa","Un Verano Sin Ti","Bad Bunny",2022-05-06,230400,79,false,vnubrek2s9o1fzz7lu062vu04,2026-02-15T16:53:47Z,"reggaetón,trap latino,latina,urbano latino","Rimas Entertainment LLC",0.564,0.903,5,-3.221,1,0.307,0.356,0,0.175,0.607,78.293,4
spotify:track:6Sq7ltF9Qa7SNFBsV5Cogx,"Me Porto Bonito","Un Verano Sin Ti","Bad Bunny;Chencho Corleone",2022-05-06,178567,86,true,vnubrek2s9o1fzz7lu062vu04,2026-02-15T16:53:52Z,"reggaetón,trap latino,latina,urbano latino","Rimas Entertainment LLC",0.911,0.712,1,-5.105,0,0.0817,0.0901,0.0000268,0.0933,0.425,92.005,4
spotify:track:1IHWl5LamUGEuP4ozKQSXZ,"Tití Me Preguntó","Un Verano Sin Ti","Bad Bunny",2022-05-06,243716,94,true,vnubrek2s9o1fzz7lu062vu04,2026-02-15T16:53:55Z,"reggaetón,trap latino,latina,urbano latino","Rimas Entertainment LLC",0.65,0.715,5,-5.198,0,0.253,0.0993,0.000291,0.126,0.187,106.672,4
spotify:track:3k3NWokhRRkEPhCzPmV8TW,"Ojitos Lindos","Un Verano Sin Ti","Bad Bunny;Bomba Estéreo",2022-05-06,258298,87,false,vnubrek2s9o1fzz7lu062vu04,2026-02-15T16:54:00Z,"reggaetón,trap latino,latina,urbano latino,música alternativa latina,electrocumbia","Rimas Entertainment LLC",0.647,0.686,3,-5.745,0,0.0413,0.08,0.00000134,0.528,0.268,79.928,4
spotify:track:47EiUVwUp4C9fGccaPuUCS,"DÁKITI","DÁKITI","Bad Bunny;JHAYCO",2020-10-30,205090,82,true,vnubrek2s9o1fzz7lu062vu04,2026-02-15T16:54:04Z,"reggaetón,trap latino,latina,urbano latino","Rimas Entertainment LLC",0.731,0.573,4,-10.059,0,0.0544,0.401,0.0000522,0.113,0.145,109.928,4
spotify:track:2XIc1pqjXV3Cr2BQUGNBck,"LA NOCHE DE ANOCHE","EL ÚLTIMO TOUR DEL MUNDO","Bad Bunny;ROSALÍA",2020-11-27,203200,77,false,vnubrek2s9o1fzz7lu062vu04,2026-02-15T16:54:08Z,"reggaetón,trap latino,latina,urbano latino","Rimas Entertainment LLC",0.856,0.618,7,-4.892,1,0.286,0.0303,0,0.0866,0.391,81.993,4
spotify:track:26w9NTiE9NGjW1ZvIOd1So,"BOOKER T","EL ÚLTIMO TOUR DEL MUNDO","Bad Bunny",2020-11-27,156430,78,true,vnubrek2s9o1fzz7lu062vu04,2026-02-15T16:54:12Z,"reggaetón,trap latino,latina,urbano latino","Rimas Entertainment LLC",0.883,0.6,7,-7.188,1,0.37,0.114,0.00000794,0.0931,0.691,113.903,4
spotify:track:0Lsis3LB0XAK6XlTHXaJk2,"MALDITA POBREZA","EL ÚLTIMO TOUR DEL MUNDO","Bad Bunny",2020-11-27,213609,66,true,vnubrek2s9o1fzz7lu062vu04,2026-02-15T16:54:15Z,"reggaetón,trap latino,latina,urbano latino","Rimas Entertainment LLC",0.762,0.861,4,-4.075,0,0.0652,0.139,0.00000108,0.0956,0.588,133.037,4
spotify:track:5DxXgozhkPLgrbKFY91w0c,"Vete","Vete","Bad Bunny",2019-11-21,192024,74,true,vnubrek2s9o1fzz7lu062vu04,2026-02-15T16:54:19Z,"reggaetón,trap latino,latina,urbano latino","Rimas Entertainment LLC",0.886,0.672,1,-4.394,1,0.188,0.0363,0.00000878,0.101,0.526,91.976,4
spotify:track:0SqqAgdovOE24BzxIClpjw,"Yo Perreo Sola","YHLQMDLG","Bad Bunny",2020-02-29,172127,85,true,vnubrek2s9o1fzz7lu062vu04,2026-02-15T16:54:23Z,"reggaetón,trap latino,latina,urbano latino","Rimas Entertainment LLC",0.86,0.758,11,-5.16,1,0.0695,0.021,0.0000654,0.344,0.453,97.014,4
spotify:track:2DEZmgHKAvm41k4J3R2E9Y,"Safaera","YHLQMDLG","Bad Bunny;Jowell & Randy;Ñengo Flow",2020-02-29,295176,85,true,vnubrek2s9o1fzz7lu062vu04,2026-02-15T16:54:27Z,"reggaetón,trap latino,latina,urbano latino","Rimas Entertainment LLC",0.607,0.829,2,-4.074,1,0.379,0.0103,0,0.107,0.685,96.172,4
spotify:track:41wtwzCZkXwpnakmwJ239F,"Si Veo a Tu Mamá","YHLQMDLG","Bad Bunny",2020-02-29,170971,84,false,vnubrek2s9o1fzz7lu062vu04,2026-02-15T16:54:30Z,"reggaetón,trap latino,latina,urbano latino","Rimas Entertainment LLC",0.9,0.603,2,-5.313,1,0.0646,0.402,0.00000481,0.134,0.824,129.928,4
spotify:track:2OWVCFTolecLiGZPquvWvT,"Estamos Bien","X 100PRE","Bad Bunny",2018-12-23,208079,72,false,vnubrek2s9o1fzz7lu062vu04,2026-02-15T16:54:34Z,"reggaetón,trap latino,latina,urbano latino","Rimas Entertainment LLC",0.79,0.537,9,-6.662,0,0.136,0.82,0.00000481,0.107,0.444,120.073,4
spotify:track:4uP3pUP18ennmz0tb3GphR,"Solo de Mi","X 100PRE","Bad Bunny",2018-12-23,197967,71,true,vnubrek2s9o1fzz7lu062vu04,2026-02-15T16:54:37Z,"reggaetón,trap latino,latina,urbano latino","Rimas Entertainment LLC",0.743,0.73,10,-4.314,0,0.125,0.287,0.0000795,0.0778,0.15,179.972,4
spotify:track:68QcquxCS39cQGTsRrJWIR,"Amorfoda","Amorfoda","Bad Bunny",2018-02-15,153887,77,true,vnubrek2s9o1fzz7lu062vu04,2026-02-15T16:54:42Z,"reggaetón,trap latino,latina,urbano latino","Rimas Entertainment LLC",0.749,0.418,9,-7.925,0,0.0587,0.985,0.000126,0.0832,0.307,147.887,3
spotify:track:71wFwRo8xGc4lrcyKwsvba,"Callaita","Un Verano Sin Ti","Bad Bunny;Tainy",2022-05-06,250533,82,true,vnubrek2s9o1fzz7lu062vu04,2026-02-15T16:54:46Z,"reggaetón,trap latino,latina,urbano latino","Rimas Entertainment LLC",0.608,0.626,2,-4.773,1,0.301,0.597,0.00000216,0.25,0.246,176.086,4
spotify:track:4q8bfTmtDfgLGmDc5IuoIQ,"SILENCIO","Cosa Nuestra: Capítulo 0","Rauw Alejandro",2025-09-26,234461,67,true,vnubrek2s9o1fzz7lu062vu04,2026-02-15T16:56:38Z,"reggaetón,trap latino,urbano latino,latina","Sony Music Latin",0.775,0.719,6,-4.58,1,0.0317,0.0149,0.0000187,0.201,0.703,129.953,4
spotify:track:6Wr4xBLqAAXHrtiUghxEwL,"CONTRABANDO","Cosa Nuestra: Capítulo 0","Rauw Alejandro;Wisin;Ñengo Flow",2025-09-26,175408,70,true,vnubrek2s9o1fzz7lu062vu04,2026-02-15T16:56:44Z,"reggaetón,trap latino,urbano latino,latina","Sony Music Latin",0.552,0.906,6,-3.308,0,0.091,0.0717,0.0000401,0.224,0.466,107.989,4
spotify:track:3yBx8j3hVNawnmlrBf3EHR,"El Cuc0.0","Cosa Nuestra: Capítulo 0","Rauw Alejandro;Jey One",2025-09-26,141238,61,true,vnubrek2s9o1fzz7lu062vu04,2026-02-15T16:56:46Z,"reggaetón,trap latino,urbano latino,latina,dembow","Sony Music Latin",0.652,0.864,11,-4.478,0,0.144,0.198,0.0000171,0.324,0.717,169.936,4
spotify:track:1hFyhyZygYYD35G2cEuwR0,"Callejón de los Secretos","Cosa Nuestra: Capítulo 0","Rauw Alejandro;Mon Laferte",2025-09-26,224650,60,true,vnubrek2s9o1fzz7lu062vu04,2026-02-15T16:56:49Z,"reggaetón,trap latino,urbano latino,latina,música alternativa latina","Sony Music Latin",0.668,0.795,7,-4.143,1,0.055,0.294,0,0.125,0.674,180.119,4
spotify:track:5UxEKpzvvLnjoC10XoogN3,"Cosa Nuestra","Cosa Nuestra","Rauw Alejandro",2024-11-15,260454,62,true,vnubrek2s9o1fzz7lu062vu04,2026-02-15T16:56:57Z,"reggaetón,trap latino,urbano latino,latina","Sony Music Latin/Duars Entertainment",0.688,0.679,6,-4.477,1,0.0694,0.342,0.00000201,0.601,0.739,172.035,4
spotify:track:0xyWkRMb09qdCDhloehCsi,"Ni Me Conozco","Cosa Nuestra","Rauw Alejandro",2024-11-15,229787,69,true,vnubrek2s9o1fzz7lu062vu04,2026-02-15T16:57:08Z,"reggaetón,trap latino,urbano latino,latina","Sony Music Latin/Duars Entertainment",0.553,0.535,5,-6.681,0,0.168,0.335,0,0.169,0.307,90.168,4
spotify:track:5tZgkV8FTe3rtl8OcSeQAb,"Déjame Entrar","Cosa Nuestra","Rauw Alejandro",2024-11-15,254705,67,true,vnubrek2s9o1fzz7lu062vu04,2026-02-15T16:57:12Z,"reggaetón,trap latino,urbano latino,latina","Sony Music Latin/Duars Entertainment",0.675,0.697,0,-5.795,1,0.0483,0.343,0.0000289,0.0996,0.262,102.006,4
spotify:track:1UTLq40xh63wMrHELGnKWW,"2:12 AM","Cosa Nuestra","Rauw Alejandro;LATIN MAFIA",2024-11-15,211918,75,true,vnubrek2s9o1fzz7lu062vu04,2026-02-15T16:57:16Z,"reggaetón,trap latino,urbano latino,latina,r&b latino","Sony Music Latin/Duars Entertainment",0.724,0.754,8,-3.89,1,0.0317,0.118,0,0.122,0.543,125.039,4
spotify:track:0Fpw7AgVXI9Nql2vLbJAhP,"Revolú","Revolú","Rauw Alejandro;Feid",2024-11-14,215511,54,true,vnubrek2s9o1fzz7lu062vu04,2026-02-15T16:57:21Z,"reggaetón,trap latino,urbano latino,latina","Sony Music Latin/Duars Entertainment",0.728,0.688,9,-3.552,1,0.104,0.0615,0.00000272,0.104,0.442,196.115,4
spotify:track:4UGqAW9i7NtE5mW9xzm6yk,"PUNTO 40","SATURNO","Rauw Alejandro;Baby Rasta",2023-01-24,190654,68,true,vnubrek2s9o1fzz7lu062vu04,2026-02-15T16:57:28Z,"reggaetón,trap latino,urbano latino,latina","Sony Music Latin/Duars Entertainment",0.857,0.829,0,-0.484,1,0.0842,0.00112,0.015,0.255,0.208,106.993,4
spotify:track:6fmpK6IerfBrhZo4a2MYkC,"MÁS DE UNA VEZ","SATURNO","Rauw Alejandro",2023-01-24,245163,57,true,vnubrek2s9o1fzz7lu062vu04,2026-02-15T16:57:32Z,"reggaetón,trap latino,urbano latino,latina","Sony Music Latin/Duars Entertainment",0.73,0.732,9,-4.986,0,0.0322,0.128,0.00000358,0.173,0.328,119.958,4
spotify:track:58EM1w815O5XZGWSF7DUCf,"LEJOS DEL CIELO","SATURNO","Rauw Alejandro",2023-01-24,208934,60,false,vnubrek2s9o1fzz7lu062vu04,2026-02-15T16:57:37Z,"reggaetón,trap latino,urbano latino,latina","Sony Music Latin/Duars Entertainment",0.77,0.521,7,-6.982,1,0.195,0.372,0.0000391,0.3,0.222,92.014,4
spotify:track:7xDBtwxsife3u8luqSbSPR,"NO ME SUELTES","SATURNO","Rauw Alejandro",2023-01-24,162857,70,true,vnubrek2s9o1fzz7lu062vu04,2026-02-15T16:57:41Z,"reggaetón,trap latino,urbano latino,latina","Sony Music Latin/Duars Entertainment",0.882,0.662,8,-6.504,1,0.0798,0.151,0.000611,0.0912,0.757,112.014,4
spotify:track:2kz1YOhJiNubjigR1gB1VX,"DILUVIO","PLAYA SATURNO","Rauw Alejandro",2023-07-07,197052,79,true,vnubrek2s9o1fzz7lu062vu04,2026-02-15T16:57:46Z,"reggaetón,trap latino,urbano latino,latina","Sony Music Latin/Duars Entertainment",0.845,0.795,9,-3.502,0,0.0681,0.343,0.0000178,0.224,0.681,94.969,4
spotify:track:7kyLtcgYgQPrXkxtAb72iY,"SI TE PEGAS","PLAYA SATURNO","Rauw Alejandro;Miguel Bosé",2023-07-07,183652,57,true,vnubrek2s9o1fzz7lu062vu04,2026-02-15T16:57:51Z,"reggaetón,trap latino,urbano latino,latina,pop latino","Sony Music Latin/Duars Entertainment",0.899,0.833,11,-2.515,0,0.0533,0.422,0.00288,0.184,0.559,115.008,4
spotify:track:4KrNCWx08dZr11kGIUHuuX,"CELEBRANDO","PLAYA SATURNO","Rauw Alejandro;Ivy Queen",2023-07-07,207150,55,true,vnubrek2s9o1fzz7lu062vu04,2026-02-15T16:57:55Z,"reggaetón,trap latino,urbano latino,latina","Sony Music Latin/Duars Entertainment",0.82,0.825,4,-1.932,0,0.0673,0.127,0.000335,0.465,0.296,100.057,4
spotify:track:3rdAz1fbUfZxYgaCviYhRo,"Todo De Ti","VICE VERSA","Rauw Alejandro",2021-12-10,199604,79,true,vnubrek2s9o1fzz7lu062vu04,2026-02-15T16:58:01Z,"reggaetón,trap latino,urbano latino,latina","Sony Music Latin/Duars Entertainment",0.78,0.719,3,-3.613,0,0.0506,0.302,0.000196,0.0931,0.336,127.962,4
spotify:track:78QcVmzxS0wIwuC2rpAauI,"2/Catorce","VICE VERSA","Rauw Alejandro;Mr. Naisgai",2021-12-10,205714,68,true,vnubrek2s9o1fzz7lu062vu04,2026-02-15T16:58:09Z,"reggaetón,trap latino,urbano latino,latina","Sony Music Latin/Duars Entertainment",0.768,0.56,3,-3.497,1,0.0859,0.709,0.000791,0.115,0.372,112.084,3
spotify:track:1lV3QHHMAQt0Kc1ioZq2MP,"Sexo Virtual","VICE VERSA","Rauw Alejandro",2021-12-10,208291,69,true,vnubrek2s9o1fzz7lu062vu04,2026-02-15T16:58:14Z,"reggaetón,trap latino,urbano latino,latina","Sony Music Latin/Duars Entertainment",0.704,0.739,8,-3.286,1,0.112,0.328,0.0000193,0.0856,0.425,179.879,4
spotify:track:5bQLsyTrUaMQRfr6whwGe5,"Aquel Nap ZzZz","VICE VERSA","Rauw Alejandro",2021-12-10,295038,81,true,vnubrek2s9o1fzz7lu062vu04,2026-02-15T16:58:18Z,"reggaetón,trap latino,urbano latino,latina","Sony Music Latin/Duars Entertainment",0.457,0.495,4,-6.044,1,0.0797,0.62,0.000228,0.109,0.311,79.513,4
spotify:track:6mAN61JH0dzyZpWslS11jy,"Fantasias","Fantasias","Rauw Alejandro;Farruko",2019-08-29,199711,70,false,vnubrek2s9o1fzz7lu062vu04,2026-02-15T16:58:23Z,"reggaetón,trap latino,urbano latino,latina","(SME US Latin) Duars Entertainment, Corp. (2)",0.879,0.703,1,-4.219,1,0.0701,0.143,0,0.0569,0.788,94.004,4
spotify:track:7na7Bk98usp84FaOJFPv3d,"Tattoo","Tattoo","Rauw Alejandro",2020-02-13,202886,61,false,vnubrek2s9o1fzz7lu062vu04,2026-02-15T16:58:28Z,"reggaetón,trap latino,urbano latino,latina","(SME US Latin) Duars Entertainment, Corp. (2)",0.755,0.617,9,-5.144,1,0.182,0.0217,0,0.0625,0.745,193.896,4
spotify:track:4loQgPwJHocL3dFwLfjb1J,"Reloj","Afrodisíaco","Rauw Alejandro;Anuel AA",2020-11-13,231594,71,true,vnubrek2s9o1fzz7lu062vu04,2026-02-15T16:58:31Z,"reggaetón,trap latino,urbano latino,latina","Sony Music Latin/Duars Entertainment",0.823,0.537,8,-2.627,1,0.211,0.176,0.00000375,0.124,0.608,175.965,4
spotify:track:4SJHHpKhcuXwDsCsPqshXj,"El Efecto","El Efecto","Rauw Alejandro;Chencho Corleone",2019-03-15,217142,82,false,vnubrek2s9o1fzz7lu062vu04,2026-02-15T16:58:35Z,"reggaetón,trap latino,urbano latino,latina","Duars Entertainment, Corp.",0.849,0.781,0,-4.635,0,0.159,0.406,0,0.0801,0.893,84.041,4
spotify:track:2BEcap3xJtmiPaHKyfQi4e,"Nostálgico","Nostálgico","Rvssian;Rauw Alejandro;Chris Brown",2021-09-08,209883,76,true,vnubrek2s9o1fzz7lu062vu04,2026-02-15T16:58:40Z,"trap latino,reggaetón,urbano latino,latina,r&b","Sony Music Latin",0.734,0.846,9,-3.425,0,0.0489,0.166,0.00000174,0.235,0.604,98.026,4
spotify:track:6WfxIJKmYRSpsBJv0tEAKX,"MUSEO","TRAP CAKE VOL. 2","Rauw Alejandro",2022-02-25,255412,69,true,vnubrek2s9o1fzz7lu062vu04,2026-02-15T16:58:43Z,"reggaetón,trap latino,urbano latino,latina","Sony Music Latin/Duars Entertainment",0.793,0.449,0,-7.212,1,0.047,0.763,0,0.165,0.322,108.937,4
spotify:track:5tFNeDfEm65LFpGTEZ1Ca0,"En Su Nota","En Su Nota","Omar Courtz",2020-05-22,167733,55,true,vnubrek2s9o1fzz7lu062vu04,2026-02-15T16:59:04Z,"","Mr.305 Records / Rimas Entertainment LLC.",0.821,0.58,4,-7.103,0,0.0742,0.382,0,0.145,0.961,82.997,4
spotify:track:2ickiFDq9U1MKG94SSg30n,"EL MUNDO SE VA A ACABAR","EL MUNDO SE VA A ACABAR","Omar Courtz;KARBeats",2025-12-18,213960,73,true,vnubrek2s9o1fzz7lu062vu04,2026-02-15T16:59:28Z,"","Rimas Entertainment LLC.",0.511,0.695,9,-6.79,1,0.122,0.232,0,0.168,0.312,154.854,4
spotify:track:4viiak5yFzoZL4NR9D1Ifb,"LOS DUEÑOS DE LA CALLE","LOS DUEÑOS DE LA CALLE","Omar Courtz;YOVNGCHIMI;Dei V",2022-05-12,224500,54,true,vnubrek2s9o1fzz7lu062vu04,2026-02-15T16:59:36Z,"trap latino,urbano latino","Mr.305 Records / Rimas Entertainment LLC.",0.539,0.608,0,-6.744,0,0.38,0.294,0,0.392,0.602,99.066,3
spotify:track:0Sr7ssScx54yxdM2ols7nW,"Q U E V A S H A C E R H O Y ?","PRIMERA MUSA","Omar Courtz;De La Rose",2024-09-20,224022,82,true,vnubrek2s9o1fzz7lu062vu04,2026-02-15T16:59:51Z,"","Mr.305 Records / Rimas Entertainment LLC.",0.56,0.681,6,-6.304,0,0.244,0.103,0,0.106,0.388,155.079,4
spotify:track:5NgHTaISM43cJtRRNKgNZX,"Baby Schai","Baby Schai","Omar Courtz",2022-06-17,190608,55,true,vnubrek2s9o1fzz7lu062vu04,2026-02-15T16:59:58Z,"","Mr.305 Records / Rimas Entertainment LLC.",0.627,0.646,8,-7.953,1,0.262,0.32,0,0.0865,0.487,141.921,4
spotify:track:5P9y0HcSxt5mzACExqe1cf,"I N T R O","PRIMERA MUSA","Omar Courtz;Kendo Kaponi",2024-09-20,164466,66,false,vnubrek2s9o1fzz7lu062vu04,2026-02-15T17:00:09Z,"reggaetón,trap latino","Mr.305 Records / Rimas Entertainment LLC.",0.587,0.682,11,-6.874,0,0.173,0.325,0,0.0858,0.269,129.768,4
spotify:track:5dGVfomXd5Ncq05wQhHI47,"P I E N S A S E N M I","PRIMERA MUSA","Omar Courtz;Luar La L",2024-09-20,230201,68,true,vnubrek2s9o1fzz7lu062vu04,2026-02-15T17:00:10Z,"trap latino","Mr.305 Records / Rimas Entertainment LLC.",0.595,0.746,5,-4.177,0,0.19,0.231,0,0.121,0.584,177.955,4
spotify:track:7E5qtyFBvbyfNbHOTR42rs,"G O D D E S S","PRIMERA MUSA","Omar Courtz",2024-09-20,155053,72,false,vnubrek2s9o1fzz7lu062vu04,2026-02-15T17:00:26Z,"","Mr.305 Records / Rimas Entertainment LLC.",0.682,0.608,7,-7.269,1,0.0806,0.587,0,0.124,0.375,138.03,4
spotify:track:3WZqTFGMU04pDM5JaGQBZz,"H E A V Y","PRIMERA MUSA","Omar Courtz",2024-09-20,198906,66,true,vnubrek2s9o1fzz7lu062vu04,2026-02-15T17:00:26Z,"","Mr.305 Records / Rimas Entertainment LLC.",0.686,0.605,7,-6.691,0,0.233,0.167,0,0.137,0.588,87.077,4
spotify:track:3H0a65Ckefe6FA4kSMZ3D7,"P I E N S O E N S E X X X O","PRIMERA MUSA","Omar Courtz",2024-09-20,213358,68,true,vnubrek2s9o1fzz7lu062vu04,2026-02-15T17:00:26Z,"","Mr.305 Records / Rimas Entertainment LLC.",0.77,0.664,0,-5.377,1,0.148,0.197,0,0.108,0.742,135.112,4
spotify:track:61tC2eD62xjmkEX9FGEad7,"UNA NOTi","PRIMERA MUSA","Omar Courtz",2024-09-20,200000,76,true,vnubrek2s9o1fzz7lu062vu04,2026-02-15T17:00:26Z,"","Mr.305 Records / Rimas Entertainment LLC.",0.691,0.694,4,-4.951,0,0.0386,0.297,0,0.209,0.472,95.933,4
spotify:track:7vPsviPvbWsFd9VuftF5JT,"M U S A E L E V Á","PRIMERA MUSA","Omar Courtz",2024-09-20,187160,76,false,vnubrek2s9o1fzz7lu062vu04,2026-02-15T17:00:26Z,"","Mr.305 Records / Rimas Entertainment LLC.",0.671,0.761,8,-4.826,0,0.123,0.279,0,0.269,0.514,94.968,4
spotify:track:0PvkxArXWRKoQTT0ttLmHI,"DRIPPEO KBRON","PRIMERA MUSA","Omar Courtz;Dei V",2024-09-20,198712,64,true,vnubrek2s9o1fzz7lu062vu04,2026-02-15T17:00:26Z,"trap latino,urbano latino","Mr.305 Records / Rimas Entertainment LLC.",0.643,0.892,4,-3.002,0,0.151,0.329,0,0.449,0.522,92.982,4
spotify:track:5z0sH31SHrXEHVaOptIARX,"⁠P o l v o s Q u e N o S e O l v i d a n","PRIMERA MUSA","Omar Courtz",2024-09-20,184881,70,true,vnubrek2s9o1fzz7lu062vu04,2026-02-15T17:00:26Z,"","Mr.305 Records / Rimas Entertainment LLC.",0.656,0.714,6,-8.316,1,0.0474,0.162,0.0000701,0.12,0.165,125.956,4
spotify:track:6BYL7xCy4FSbqVu29akzPO,"I N T E R L U D I O","PRIMERA MUSA","Omar Courtz",2024-09-20,192280,67,false,vnubrek2s9o1fzz7lu062vu04,2026-02-15T17:00:26Z,"","Mr.305 Records / Rimas Entertainment LLC.",0.418,0.55,0,-7.038,1,0.183,0.861,0.00000137,0.118,0.269,78.524,4
spotify:track:6hXcH4KnoRgkFQDhvxo872,"2 K 1 6","PRIMERA MUSA","Omar Courtz;Bryant Myers",2024-09-20,245933,71,true,vnubrek2s9o1fzz7lu062vu04,2026-02-15T17:00:26Z,"trap latino,reggaetón,trap,urbano latino","Mr.305 Records / Rimas Entertainment LLC.",0.705,0.6,1,-6.355,1,0.0806,0.185,0,0.213,0.369,124.949,5
spotify:track:2LBqFFGI9G5hn136dS4giv,"S I T E G U S T A N L A S G A T A S","PRIMERA MUSA","Omar Courtz",2024-09-20,173416,64,false,vnubrek2s9o1fzz7lu062vu04,2026-02-15T17:00:26Z,"","Mr.305 Records / Rimas Entertainment LLC.",0.639,0.672,1,-4.55,1,0.108,0.0316,0.000026,0.102,0.738,179.97,4
spotify:track:4SehMwGDegMobZHK0ODaLw,"A L O C A - T","PRIMERA MUSA","Omar Courtz",2024-09-20,178108,67,true,vnubrek2s9o1fzz7lu062vu04,2026-02-15T17:00:26Z,"","Mr.305 Records / Rimas Entertainment LLC.",0.412,0.65,8,-5.298,0,0.066,0.234,0,0.123,0.347,94.771,4
spotify:track:7w3G5VXJLLbuaWylG7hvVi,"S E X P L A Y L I S T 1","PRIMERA MUSA","Omar Courtz;Rauw Alejandro",2024-09-20,237853,70,true,vnubrek2s9o1fzz7lu062vu04,2026-02-15T17:00:26Z,"reggaetón,trap latino,urbano latino,latina","Mr.305 Records / Rimas Entertainment LLC.",0.782,0.767,7,-3.348,1,0.0611,0.0581,0.0000271,0.124,0.381,93.014,4
spotify:track:5KJUqkXzzwEkoTuIL4EYEI,"SERIO CON ESE Q","PRIMERA MUSA","Omar Courtz;Anuel AA",2024-09-20,247468,72,true,vnubrek2s9o1fzz7lu062vu04,2026-02-15T17:00:26Z,"reggaetón,trap latino,urbano latino,latina","Mr.305 Records / Rimas Entertainment LLC.",0.673,0.81,8,-3.915,1,0.0451,0.336,0,0.274,0.494,93.002,4
spotify:track:5dDlknAL9imbXXl7uG7oqe,"⁠LUCES DE COLORES","PRIMERA MUSA","Omar Courtz",2024-09-20,216506,80,false,vnubrek2s9o1fzz7lu062vu04,2026-02-15T17:00:26Z,"","Mr.305 Records / Rimas Entertainment LLC.",0.656,0.675,9,-5.106,0,0.0438,0.46,0.00000136,0.132,0.275,92.047,4
spotify:track:7d6yK8v8J484SWH5prIQiE,"VeLDÁ","DeBÍ TiRAR MáS FOToS","Bad Bunny;Omar Courtz;Dei V",2025-01-05,235336,91,true,vnubrek2s9o1fzz7lu062vu04,2026-02-15T17:01:01Z,"reggaetón,trap latino,latina,urbano latino","Rimas Entertainment LLC.",0.613,0.981,1,-18.638,1,0.149,0.29,0.0023,0.437,0.0337,101.852,3
spotify:track:31we7ZzWdSBEOKs5Ln6QVF,"NUBES","NUBES","De La Rose;Omar Courtz",2025-04-03,271801,73,true,vnubrek2s9o1fzz7lu062vu04,2026-02-15T17:01:06Z,"","WEA Latina",0.657,0.666,7,-3.786,1,0.0302,0.243,0,0.101,0.19,99.945,4
spotify:track:3Ob9NJaBlOGDvndnG6G2PW,"MÁS QUE ALGO","LO MISMO DE SIEMPRE","Mora;Omar Courtz",2025-05-18,242306,67,true,vnubrek2s9o1fzz7lu062vu04,2026-02-15T17:01:11Z,"trap latino,urbano latino,reggaetón","Rimas Entertainment LLC.",0.564,0.619,7,-6.331,1,0.0495,0.737,0,0.122,0.403,103.05,4
spotify:track:29twJUQo66aqSd3lxoeswV,"Comernos","Comernos","Omar Courtz;Bad Gyal",2025-04-17,221373,75,true,vnubrek2s9o1fzz7lu062vu04,2026-02-15T17:01:15Z,"neoperreo","Mr.305 Records / Rimas Entertainment LLC.",0.779,0.862,8,-3.235,0,0.0835,0.199,0.00000757,0.126,0.355,89.998,4
spotify:track:7eNwwoxDR8KVzNAuGvliAO,"Kyoto","Kyoto","Omar Courtz;De La Rose;Haze",2023-07-14,247840,79,true,vnubrek2s9o1fzz7lu062vu04,2026-02-15T17:01:20Z,"reggaetón","House of Haze",0.732,0.753,9,-4.269,0,0.0512,0.235,0.0000174,0.568,0.405,94.978,4
spotify:track:7N1PnhsNLLIxCHrMF63kdT,"Nota","Nota","Jay Wheeler;Omar Courtz",2025-03-20,275121,46,true,vnubrek2s9o1fzz7lu062vu04,2026-02-15T17:01:29Z,"reggaetón","Linked Music / Dynamic Records / EMPIRE",0.652,0.649,9,-5.846,1,0.078,0.624,0,0.47,0.465,122.915,4
spotify:track:43cjtebODc9uKZbhAhD2J2,"Scat Pack","Scat Pack","Clarent;Omar Courtz",2025-08-21,253658,73,true,vnubrek2s9o1fzz7lu062vu04,2026-02-15T17:01:34Z,"trap latino","WEA Latina",0.458,0.6,5,-8.996,0,0.0688,0.463,0,0.137,0.343,123.163,4
spotify:track:3bAAv8knmzFpYQsLFoK6de,"TUCHAT","TUCHAT","Quevedo",2025-07-07,221224,78,false,vnubrek2s9o1fzz7lu062vu04,2026-02-15T17:03:14Z,"","Quevedo",0.548,0.796,9,-3.87,1,0.0437,0.267,0,0.135,0.41,97.95,4
spotify:track:3ltpc2goYCfKT8AbWwqQvc,"NI BORRACHO","NI BORRACHO","Quevedo",2026-02-13,248440,77,false,vnubrek2s9o1fzz7lu062vu04,2026-02-15T17:03:21Z,"","Quevedo",0.611,0.819,9,-3.424,0,0.0805,0.215,0,0.0695,0.953,152.945,4
spotify:track:6mP16Mr2X3ZU2bNmWBUqzK,"KASSANDRA","BUENAS NOCHES","Quevedo",2024-11-22,183172,67,false,vnubrek2s9o1fzz7lu062vu04,2026-02-15T17:03:46Z,"","2024 DQE Productions Distribuido por RIMAS Entertainment",0.651,0.634,9,-6.406,0,0.0728,0.408,0,0.12,0.451,117.91,4
spotify:track:18ngz35nTD4rzldysVtN4o,"DURO","BUENAS NOCHES","Quevedo",2024-11-22,162204,57,false,vnubrek2s9o1fzz7lu062vu04,2026-02-15T17:03:46Z,"","2024 DQE Productions Distribuido por RIMAS Entertainment",0.705,0.728,4,-4.97,0,0.0465,0.214,0.00000359,0.392,0.666,104.009,4
spotify:track:1gKnoWS17Nf8ZxEev7d3vd,"IGUALES","BUENAS NOCHES","Quevedo",2024-11-22,183316,64,false,vnubrek2s9o1fzz7lu062vu04,2026-02-15T17:03:46Z,"","2024 DQE Productions Distribuido por RIMAS Entertainment",0.573,0.586,6,-5.459,1,0.0393,0.0341,0,0.0934,0.485,139.969,4
spotify:track:2kQ1OvmMzs1xdlH020aJJh,"GRAN VÍA","BUENAS NOCHES","Quevedo;Aitana",2024-11-22,213528,72,false,vnubrek2s9o1fzz7lu062vu04,2026-02-15T17:03:46Z,"","2024 DQE Productions Distribuido por RIMAS Entertainment",0.641,0.827,5,-4.921,0,0.0631,0.157,0,0.357,0.722,159.961,4
spotify:track:1iP7aZUNvyt2EtmpjSbtRz,"CHAPIADORA.COM","BUENAS NOCHES","Quevedo",2024-11-22,197418,66,false,vnubrek2s9o1fzz7lu062vu04,2026-02-15T17:03:46Z,"","2024 DQE Productions Distribuido por RIMAS Entertainment",0.756,0.801,0,-3.502,1,0.0431,0.0675,0,0.0945,0.593,132.065,4
spotify:track:7s8qhehMgdXKpixiqyFFrV,"POR ATRÁS","BUENAS NOCHES","Quevedo",2024-11-22,171685,70,false,vnubrek2s9o1fzz7lu062vu04,2026-02-15T17:03:46Z,"","2024 DQE Productions Distribuido por RIMAS Entertainment",0.668,0.803,0,-4.134,0,0.0596,0.133,0.00000573,0.11,0.767,160.132,4
spotify:track:1qIUiG9nhThK6es9pFMlwO,"14 FEBREROS","BUENAS NOCHES","Quevedo;Sin Nombre",2024-11-22,172422,60,true,vnubrek2s9o1fzz7lu062vu04,2026-02-15T17:03:46Z,"","2024 DQE Productions Distribuido por RIMAS Entertainment",0.582,0.56,4,-6.121,1,0.0694,0.21,0,0.246,0.355,89.777,4
spotify:track:4YX0HMD665kmWsetqE0fBg,"LA 125","BUENAS NOCHES","Quevedo;Yung Beef",2024-11-22,194286,58,false,vnubrek2s9o1fzz7lu062vu04,2026-02-15T17:03:46Z,"neoperreo","2024 DQE Productions Distribuido por RIMAS Entertainment",0.739,0.58,5,-6.463,0,0.228,0.364,0,0.0981,0.834,99.876,4
spotify:track:58ldPuiCULxm08TCZ8qX4D,"HALO","BUENAS NOCHES","Quevedo;La Pantera",2024-11-22,181261,68,false,vnubrek2s9o1fzz7lu062vu04,2026-02-15T17:03:46Z,"","2024 DQE Productions Distribuido por RIMAS Entertainment",0.829,0.786,11,-4.879,0,0.073,0.282,0.000347,0.1,0.618,100.037,4
spotify:track:67LKV40NfSSGIJnm0xz6fi,"MR. MOONDIAL","BUENAS NOCHES","Quevedo;Pitbull",2024-11-22,165762,69,false,vnubrek2s9o1fzz7lu062vu04,2026-02-15T17:03:46Z,"","2024 DQE Productions Distribuido por RIMAS Entertainment",0.68,0.797,1,-4.652,1,0.0336,0.0688,0,0.19,0.876,123.999,4
spotify:track:7vqMCnrAbZgii8eJZbjYjF,"QUE ASCO DE TODO","BUENAS NOCHES","Quevedo",2024-11-22,190304,54,false,vnubrek2s9o1fzz7lu062vu04,2026-02-15T17:03:46Z,"","2024 DQE Productions Distribuido por RIMAS Entertainment",0.504,0.696,4,-6.321,1,0.104,0.178,0.000258,0.353,0.522,149.523,4
spotify:track:5Oo9D3xJJ2sF6HWiJweV0V,"NOEMÚ","BUENAS NOCHES","Quevedo",2024-11-22,206910,59,false,vnubrek2s9o1fzz7lu062vu04,2026-02-15T17:03:46Z,"","2024 DQE Productions Distribuido por RIMAS Entertainment",0.586,0.771,2,-5.764,1,0.134,0.106,0.00117,0.0764,0.359,87.891,4
spotify:track:41VnmHAkCUsCStYdDUibpp,"SHIBATTO","BUENAS NOCHES","Quevedo",2024-11-22,138226,64,false,vnubrek2s9o1fzz7lu062vu04,2026-02-15T17:03:46Z,"","2024 DQE Productions Distribuido por RIMAS Entertainment",0.654,0.735,8,-4.258,1,0.0984,0.164,0,0.284,0.403,100.047,4
spotify:track:0ffPRT5WW86ecgGWGf5CyY,"LOS DÍAS CONTADOS","BUENAS NOCHES","Quevedo;Rels B",2024-11-22,161943,62,false,vnubrek2s9o1fzz7lu062vu04,2026-02-15T17:03:46Z,"trap latino,urbano latino","2024 DQE Productions Distribuido por RIMAS Entertainment",0.755,0.534,0,-6.742,1,0.0506,0.297,0,0.117,0.265,109.93,4
spotify:track:23iK2aTjEEG30dx1uuSXc9,"EL ESTRIBILLO","BUENAS NOCHES","Quevedo",2024-11-22,161444,57,false,vnubrek2s9o1fzz7lu062vu04,2026-02-15T17:03:46Z,"","2024 DQE Productions Distribuido por RIMAS Entertainment",0.67,0.716,7,-5.244,1,0.14,0.276,0.00308,0.167,0.402,172.019,4
spotify:track:4DxbTPS1DUzTKzpNfCbYjy,"AMANECIÓ","BUENAS NOCHES","Quevedo;De La Rose;De La Ghetto",2024-11-22,255333,66,false,vnubrek2s9o1fzz7lu062vu04,2026-02-15T17:03:46Z,"reggaetón,trap latino,urbano latino","2024 DQE Productions Distribuido por RIMAS Entertainment",0.591,0.734,0,-4.63,0,0.223,0.111,0,0.178,0.66,192.004,4
spotify:track:2stYCm7UAyZ4srGFrI4MNX,"TE FALLÉ","BUENAS NOCHES","Quevedo;Sech",2024-11-22,219460,59,false,vnubrek2s9o1fzz7lu062vu04,2026-02-15T17:03:46Z,"reggaetón,urbano latino","2024 DQE Productions Distribuido por RIMAS Entertainment",0.515,0.511,6,-5.897,0,0.152,0.218,0,0.373,0.679,69.036,4
spotify:track:1JkI7KcMNuIBZZoWQkcveV,"BUENAS NOCHES","BUENAS NOCHES","Quevedo",2024-11-22,238883,68,false,vnubrek2s9o1fzz7lu062vu04,2026-02-15T17:03:46Z,"","2024 DQE Productions Distribuido por RIMAS Entertainment",0.678,0.729,1,-5.379,1,0.0978,0.106,0.02,0.0892,0.275,103.986,4
spotify:track:0uqt3MShCD4uYCIRNm6d4o,"Columbia","Columbia","Quevedo",2023-07-07,186000,79,false,vnubrek2s9o1fzz7lu062vu04,2026-02-15T17:04:00Z,"","Rimas Entertainment LLC.",0.668,0.716,2,-5.929,0,0.0378,0.37,0.0000269,0.106,0.248,100.034,4
spotify:track:234PMXSDopg1W5H0XQfkrr,"DAME","DONDE QUIERO ESTAR","Quevedo;Omar Montes",2023-01-20,231428,65,false,vnubrek2s9o1fzz7lu062vu04,2026-02-15T17:04:11Z,"flamenco,flamenco urbano,flamenco pop","Rimas Entertainment LLC.",0.741,0.508,4,-5.705,1,0.0539,0.368,0.0000265,0.115,0.31,98.022,4
spotify:track:1fcP2ZJG2ouG99iU2nI6HT,"PUNTO G","DONDE QUIERO ESTAR","Quevedo",2023-01-20,151324,72,false,vnubrek2s9o1fzz7lu062vu04,2026-02-15T17:04:16Z,"","Rimas Entertainment LLC.",0.745,0.77,9,-3.653,1,0.14,0.218,0.00012,0.0504,0.629,92.044,4
spotify:track:7iKPYOXWkKfBo4EQFWiVbg,"LUCES AZULES","DONDE QUIERO ESTAR","Quevedo",2023-01-20,160975,63,false,vnubrek2s9o1fzz7lu062vu04,2026-02-15T17:04:20Z,"","Rimas Entertainment LLC.",0.659,0.704,1,-5.85,1,0.0409,0.253,0.00000218,0.133,0.15,122.951,4
spotify:track:3y33vvSSP8dNie0hDK4CvF,"PLAYA DEL INGLÉS","DONDE QUIERO ESTAR","Quevedo;Myke Towers",2023-01-20,237525,69,false,vnubrek2s9o1fzz7lu062vu04,2026-02-15T17:04:25Z,"reggaetón,trap latino,urbano latino","Rimas Entertainment LLC.",0.792,0.736,7,-3.254,0,0.047,0.0822,0,0.109,0.656,112.994,4
spotify:track:4kaLuHqkhLnPQH9peNzOpp,"YANKEE","DONDE QUIERO ESTAR","Quevedo",2023-01-20,194400,62,false,vnubrek2s9o1fzz7lu062vu04,2026-02-15T17:04:30Z,"","Rimas Entertainment LLC.",0.544,0.747,6,-4.659,1,0.194,0.389,0.00000681,0.159,0.476,123.647,5
spotify:track:3FFMEWwqmcTHOY8Il2uVUP,"WANDA","DONDE QUIERO ESTAR","Quevedo",2023-01-20,160909,68,false,vnubrek2s9o1fzz7lu062vu04,2026-02-15T17:04:36Z,"","Rimas Entertainment LLC.",0.718,0.657,4,-4.372,0,0.0666,0.285,0,0.259,0.954,176.036,4
spotify:track:04UsuCGu6llkgOldCUCgZo,"TURBO // Epifanía","Me Muevo Con Dios","Cruz Cafuné",2023-05-25,164374,50,true,vnubrek2s9o1fzz7lu062vu04,2026-02-15T17:05:01Z,"","MÉCÈN Ent.",0.675,0.464,5,-11.669,0,0.126,0.309,0.0057,0.13,0.195,156.998,4
spotify:track:5xP4rmVm5frtwOPwbmZNQw,"Dios #1","Me Muevo Con Dios","Cruz Cafuné;Miky Woodz",2023-05-25,200125,50,true,vnubrek2s9o1fzz7lu062vu04,2026-02-15T17:05:01Z,"trap latino,dembow,reggaetón","MÉCÈN Ent.",0.814,0.503,7,-10.528,0,0.137,0.267,0.000457,0.124,0.379,121.98,4
spotify:track:0jcEN9yYRlXrTW3ysrOI0Y,"s3_e07_theboondocks_dvdrip.mpeg","Me Muevo Con Dios","Cruz Cafuné",2023-05-25,135224,50,true,vnubrek2s9o1fzz7lu062vu04,2026-02-15T17:05:01Z,"","MÉCÈN Ent.",0.703,0.444,0,-7.518,1,0.275,0.0571,0.0572,0.286,0.551,80.055,4
spotify:track:6vsoiuJGSyCPD6lbTVTLCY,"BABI BOI","Me Muevo Con Dios","Cruz Cafuné;Chita",2023-05-25,213525,51,true,vnubrek2s9o1fzz7lu062vu04,2026-02-15T17:05:01Z,"r&b latino","MÉCÈN Ent.",0.743,0.456,0,-11.11,1,0.106,0.106,0.00013,0.12,0.436,86.5,4
spotify:track:6m8DnCqkHlUfcjXcjOmOu2,"4 PREZ","Me Muevo Con Dios","Cruz Cafuné",2023-05-25,149484,54,true,vnubrek2s9o1fzz7lu062vu04,2026-02-15T17:05:01Z,"","MÉCÈN Ent.",0.781,0.418,9,-11.803,1,0.0547,0.431,0.000295,0.125,0.453,149.974,4
spotify:track:5V1YyUMhty1NCO3zVePAtR,"Cangrinaje","Me Muevo Con Dios","Cruz Cafuné",2023-05-25,211765,61,true,vnubrek2s9o1fzz7lu062vu04,2026-02-15T17:05:01Z,"","MÉCÈN Ent.",0.723,0.403,8,-8.672,0,0.0554,0.314,0.0000465,0.198,0.524,137.797,4
spotify:track:74Y6PcHH1FU0ZXb34GHbsB,"Ja Morant","Me Muevo Con Dios","Cruz Cafuné",2023-05-25,193165,51,true,vnubrek2s9o1fzz7lu062vu04,2026-02-15T17:05:01Z,"","MÉCÈN Ent.",0.857,0.615,10,-8.693,0,0.1,0.0815,0.0104,0.0785,0.797,157.967,4
spotify:track:2eOa1UyX6OTLeRvvMG7GGe,"FAXXXxxx","Me Muevo Con Dios","Cruz Cafuné",2023-05-25,143584,47,true,vnubrek2s9o1fzz7lu062vu04,2026-02-15T17:05:01Z,"","MÉCÈN Ent.",0.862,0.525,1,-8.267,1,0.292,0.0252,0.000471,0.215,0.573,119.99,4
spotify:track:51sjjUw21urcdtgD9HzJK6,"ABAMA Jr. Suite","Me Muevo Con Dios","Cruz Cafuné;LEÏTI",2023-05-25,165250,53,true,vnubrek2s9o1fzz7lu062vu04,2026-02-15T17:05:01Z,"","MÉCÈN Ent.",0.704,0.533,6,-7.376,1,0.0678,0.302,0.000219,0.215,0.465,139.947,4
spotify:track:7x011H8oZwGYBuXQQfGpu4,"Folelé","Me Muevo Con Dios","Cruz Cafuné;Boj",2023-05-25,228000,54,true,vnubrek2s9o1fzz7lu062vu04,2026-02-15T17:05:01Z,"alté,afrobeats,afroswing,afrobeat,r&b afro,afropop,afro soul","MÉCÈN Ent.",0.592,0.575,5,-9.681,0,0.098,0.023,0.119,0.0714,0.829,113.078,4
spotify:track:3UaWEFGSdbzWAMBUcdIMeR,"RE-UP","Me Muevo Con Dios","Cruz Cafuné;Kris Floyd",2023-05-25,205500,47,true,vnubrek2s9o1fzz7lu062vu04,2026-02-15T17:05:01Z,"trap latino","MÉCÈN Ent.",0.886,0.336,11,-9.827,0,0.0671,0.133,0.00543,0.123,0.249,98.974,4
spotify:track:0GIdaVAY3go0PhjNFmAyfA,"Close friends ☆","Me Muevo Con Dios","Cruz Cafuné",2023-05-25,126124,50,true,vnubrek2s9o1fzz7lu062vu04,2026-02-15T17:05:01Z,"","MÉCÈN Ent.",0.644,0.173,2,-14.498,0,0.0613,0.765,0.00000519,0.0874,0.658,129.599,4
spotify:track:2zszFR3VtHLhYRR0BJNxhV,"1€ cada vez","Me Muevo Con Dios","Cruz Cafuné",2023-05-25,258875,46,true,vnubrek2s9o1fzz7lu062vu04,2026-02-15T17:05:01Z,"","MÉCÈN Ent.",0.747,0.485,8,-8.62,0,0.262,0.369,0.0000171,0.171,0.724,165.049,3
spotify:track:40irSq1hoBAZuPLgxiQ7ge,"Sangre y Fe","Me Muevo Con Dios","Cruz Cafuné;Quevedo",2023-05-25,231500,55,true,vnubrek2s9o1fzz7lu062vu04,2026-02-15T17:05:01Z,"","MÉCÈN Ent.",0.671,0.56,11,-8.29,0,0.0783,0.17,0.00077,0.367,0.243,139.948,4
spotify:track:42iXkSBfgzE7YyvKGZ7NzV,"goofy ahh luv joint","Me Muevo Con Dios","Cruz Cafuné",2023-05-25,179624,59,true,vnubrek2s9o1fzz7lu062vu04,2026-02-15T17:05:01Z,"","MÉCÈN Ent.",0.912,0.39,2,-11.246,0,0.0808,0.0315,0.00132,0.0793,0.293,129.96,4
spotify:track:6zXVgGdE1mh6OEl10kshjE,"LUISAViAROMA","Me Muevo Con Dios","Cruz Cafuné;LaBlackie",2023-05-25,193000,48,true,vnubrek2s9o1fzz7lu062vu04,2026-02-15T17:05:01Z,"neoperreo","MÉCÈN Ent.",0.846,0.545,2,-8.866,1,0.0937,0.0978,0.0005,0.0614,0.601,120.042,4
spotify:track:6m7cwNcYKz8AGOMTaH6xzP,"Retro 11s","Me Muevo Con Dios","Cruz Cafuné",2023-05-25,194875,58,true,vnubrek2s9o1fzz7lu062vu04,2026-02-15T17:05:01Z,"","MÉCÈN Ent.",0.737,0.376,10,-9.812,0,0.201,0.0593,0.00025,0.11,0.48,159.986,4
spotify:track:3UZQFk3N3ghIAMcHTrJQ9l,"Corintios 13:12","Me Muevo Con Dios","Cruz Cafuné;Westside Gunn",2023-05-25,188000,47,true,vnubrek2s9o1fzz7lu062vu04,2026-02-15T17:05:01Z,"boom bap,hip hop alternativo,jazz rap,hip hop experimental","MÉCÈN Ent.",0.485,0.597,9,-9.335,1,0.193,0.32,0,0.555,0.716,77.576,4
spotify:track:1Hrucz5n0cjYuPApCk8VkL,"Movezz en silencio","Me Muevo Con Dios","Cruz Cafuné",2023-05-25,180374,62,true,vnubrek2s9o1fzz7lu062vu04,2026-02-15T17:05:01Z,"","MÉCÈN Ent.",0.795,0.314,11,-15.571,1,0.321,0.634,0.0000136,0.0964,0.279,111.049,4
spotify:track:53NZHEKV3oJx2PdEpGBhYg,"G WAGON","Me Muevo Con Dios","Cruz Cafuné;La Pantera",2023-05-25,157791,53,true,vnubrek2s9o1fzz7lu062vu04,2026-02-15T17:05:01Z,"","MÉCÈN Ent.",0.75,0.622,1,-8.409,1,0.167,0.0421,0.000383,0.153,0.488,173.916,4
spotify:track:2TrtWQKmcdoSGjsJDc3N64,"Practice","Me Muevo Con Dios","Cruz Cafuné;Hoke",2023-05-25,227708,56,true,vnubrek2s9o1fzz7lu062vu04,2026-02-15T17:05:01Z,"","MÉCÈN Ent.",0.55,0.668,2,-6.095,1,0.145,0.0759,0.0000093,0.346,0.304,94.998,4
spotify:track:4bAG9Mz1vUZmAHbVFArCru,"Fabiola","Me Muevo Con Dios","Cruz Cafuné",2023-05-25,238007,49,false,vnubrek2s9o1fzz7lu062vu04,2026-02-15T17:05:01Z,"","MÉCÈN Ent.",0.397,0.362,9,-9.47,0,0.0425,0.34,0.0112,0.122,0.263,80.872,3
spotify:track:0ojp3rI6wfc6GjATk2SEir,"Me Muevo Con Dios","Me Muevo Con Dios","Cruz Cafuné",2023-05-25,387367,53,true,vnubrek2s9o1fzz7lu062vu04,2026-02-15T17:05:01Z,"","MÉCÈN Ent.",0.694,0.517,1,-8.362,0,0.313,0.443,0.0000107,0.0994,0.523,88.903,4
spotify:track:3x4N8cIomNkSmm0WiA8xqQ,"Te Enamoraste de un G","Maracucho Bueno Muere Chiquito","Cruz Cafuné;Sholo Truth",2018-03-16,286803,55,false,vnubrek2s9o1fzz7lu062vu04,2026-02-15T17:05:15Z,"g-funk","MÉCÈN Ent.",0.648,0.646,2,-7.179,0,0.151,0.0881,0.00000325,0.696,0.439,89.999,4
spotify:track:0duM6rfxvpnpAALDHFmTFS,"Muchoperro","Muchoperro","Juseph;Cruz Cafuné;Wiso Rivera",2022-09-02,219534,63,false,vnubrek2s9o1fzz7lu062vu04,2026-02-15T17:05:34Z,"","Juseph",0.851,0.748,4,-4.568,0,0.0388,0.491,0,0.621,0.971,116.969,4
spotify:track:6S8uVRVYlNsXLQ57FCWpt8,"la raíz d€l mal","blu€s","Cruz Cafuné",2024-07-19,133767,49,true,vnubrek2s9o1fzz7lu062vu04,2026-02-15T17:05:46Z,"","MÉCÈN Ent.",0.62,0.514,11,-8.842,1,0.035,0.0217,0.00000231,0.0747,0.238,92.145,4
spotify:track:64HBLJQcr4KpIuCT9W72Fq,"Lo Pues Intentar","Moonlight922","Cruz Cafuné",2020-01-10,199948,58,true,vnubrek2s9o1fzz7lu062vu04,2026-02-15T17:05:57Z,"","MÉCÈN Ent.",0.905,0.373,5,-11.038,0,0.234,0.592,0,0.119,0.749,107.972,4
spotify:track:1ZdhuKXOw9e2YxFdAZaUhC,"BALENCIAGA","UNA SEMANA INCREÍBLE","La Pantera",2024-09-27,172500,55,true,vnubrek2s9o1fzz7lu062vu04,2026-02-15T17:06:23Z,"","lapanterabby",0.549,0.569,0,-8.742,0,0.13,0.218,0,0.205,0.713,97.08,4
spotify:track:7013pu5Eiovg2QLxpdliQY,"TANTO POR HACER","UNA SEMANA INCREÍBLE","La Pantera;Nach;SFDK",2024-09-27,202319,48,true,vnubrek2s9o1fzz7lu062vu04,2026-02-15T17:06:23Z,"hip hop latino,rap","lapanterabby",0.535,0.672,8,-7.447,0,0.441,0.407,0,0.119,0.696,166.27,4
spotify:track:0d2QCzEJzbxdm2C4PBKMn4,"ASHE","UNA SEMANA INCREÍBLE","La Pantera",2024-09-27,156097,55,true,vnubrek2s9o1fzz7lu062vu04,2026-02-15T17:06:23Z,"","lapanterabby",0.763,0.784,7,-6.941,0,0.0531,0.237,0,0.106,0.841,123.041,4
spotify:track:4mBIls9yfhL63arD3TvvTC,"PINKY PROMISE","UNA SEMANA INCREÍBLE","La Pantera",2024-09-27,122448,60,true,vnubrek2s9o1fzz7lu062vu04,2026-02-15T17:06:23Z,"","lapanterabby",0.696,0.569,8,-9.275,0,0.23,0.423,0,0.14,0.585,147.013,4
spotify:track:4Rol6eMtZknJ7lEjUZVcCg,"2030","UNA SEMANA INCREÍBLE","La Pantera",2024-09-27,122659,53,true,vnubrek2s9o1fzz7lu062vu04,2026-02-15T17:06:23Z,"","lapanterabby",0.626,0.836,8,-4.597,1,0.0391,0.268,0.00000302,0.0902,0.845,90.258,4
spotify:track:781BC0USHVKjTjM0dToE05,"NO ES MI VIDA REAL","UNA SEMANA INCREÍBLE","La Pantera",2024-09-27,129624,47,true,vnubrek2s9o1fzz7lu062vu04,2026-02-15T17:06:23Z,"","lapanterabby",0.592,0.625,5,-8.754,0,0.402,0.309,0,0.0983,0.628,127.504,5
spotify:track:2f86WSiu9K6bXov0SDDSWL,"NOWADAYS","UNA SEMANA INCREÍBLE","La Pantera;Hecky",2024-09-27,181849,47,true,vnubrek2s9o1fzz7lu062vu04,2026-02-15T17:06:23Z,"","lapanterabby",0.643,0.655,4,-7.942,1,0.29,0.488,0,0.0961,0.415,99.308,4
spotify:track:6rqcQ3llMOqsWrWT5X3Rvp,"CALIFORNIA","UNA SEMANA INCREÍBLE","La Pantera",2024-09-27,146250,47,true,vnubrek2s9o1fzz7lu062vu04,2026-02-15T17:06:23Z,"","lapanterabby",0.653,0.596,8,-7.852,1,0.099,0.183,0,0.219,0.778,96.422,4
spotify:track:0qXQUj2YmzOoeJhzH7mdlC,"VERANO - INVIERNO","UNA SEMANA INCREÍBLE","La Pantera;Lucho RK;Raul Clyde",2024-09-27,252727,48,true,vnubrek2s9o1fzz7lu062vu04,2026-02-15T17:06:23Z,"","lapanterabby",0.605,0.499,0,-7.166,1,0.167,0.369,0,0.124,0.478,82.502,4
spotify:track:0DI180XY3gmm2FgOXfRdIW,"WONDERFUL WEEKS","UNA SEMANA INCREÍBLE","La Pantera",2024-09-27,156867,42,true,vnubrek2s9o1fzz7lu062vu04,2026-02-15T17:06:23Z,"","lapanterabby",0.403,0.706,9,-6.838,1,0.0873,0.404,0,0.0541,0.343,81.137,4
spotify:track:18yJuVxS25a1MLcLncFUE5,"RECUERDOS AL PERRO","UNA SEMANA INCREÍBLE","La Pantera",2024-09-27,153333,44,true,vnubrek2s9o1fzz7lu062vu04,2026-02-15T17:06:23Z,"","lapanterabby",0.695,0.476,1,-9.516,0,0.362,0.325,0,0.106,0.367,89.94,4
spotify:track:4QwXhqZNr9vgJKkhk1Hae4,"ME ARREPENTÍ","UNA SEMANA INCREÍBLE","La Pantera;EL IMA",2024-09-27,186315,45,true,vnubrek2s9o1fzz7lu062vu04,2026-02-15T17:06:23Z,"","lapanterabby",0.696,0.494,2,-8.274,1,0.0845,0.382,0,0.0937,0.281,94.918,4
spotify:track:6PtATmdB62Ic6eW3w6DcsM,"AMORTAL","UNA SEMANA INCREÍBLE","La Pantera",2024-09-27,167741,46,true,vnubrek2s9o1fzz7lu062vu04,2026-02-15T17:06:23Z,"","lapanterabby",0.542,0.545,6,-5.539,1,0.152,0.117,0.00000186,0.374,0.661,92.265,4
spotify:track:2zxNAlJGOZSK01Jy6dYQlz,"MORE MONEY MORE FEELINGS","UNA SEMANA INCREÍBLE","La Pantera",2024-09-27,158100,46,true,vnubrek2s9o1fzz7lu062vu04,2026-02-15T17:06:23Z,"","lapanterabby",0.602,0.513,2,-7.794,1,0.377,0.152,0,0.129,0.154,151.9,4
spotify:track:1X3JSLPj3GjXMgYjGAuCMl,"VICIO","UNA SEMANA INCREÍBLE","La Pantera;Soge Culebra",2024-09-27,190909,44,true,vnubrek2s9o1fzz7lu062vu04,2026-02-15T17:06:23Z,"","lapanterabby",0.551,0.382,6,-9.617,0,0.414,0.43,0,0.0856,0.421,87.16,4
spotify:track:72mVB1CKXguqZ2OIIxKvmh,"HOME IS HOME","UNA SEMANA INCREÍBLE","La Pantera;Maikel Delacalle",2024-09-27,196146,46,true,vnubrek2s9o1fzz7lu062vu04,2026-02-15T17:06:23Z,"trap latino","lapanterabby",0.699,0.504,8,-9.179,1,0.247,0.567,0,0.216,0.693,91.798,4
spotify:track:6M5owObNWoGsyAMmBzsjGE,"GODLAND","UNA SEMANA INCREÍBLE","La Pantera",2024-09-27,150620,48,true,vnubrek2s9o1fzz7lu062vu04,2026-02-15T17:06:23Z,"","lapanterabby",0.804,0.525,10,-7.938,0,0.462,0.166,0.00000156,0.123,0.224,145.054,4
spotify:track:60GKG0wbJXlwYLV6JwpNkO,"BANE","TA FACIL","Lucho RK;La Pantera",2025-11-28,187350,65,false,vnubrek2s9o1fzz7lu062vu04,2026-02-15T17:06:50Z,"","Lucho RK, La Pantera",0.816,0.485,1,-7.244,0,0.219,0.493,0,0.0828,0.412,125.1,4
spotify:track:7q0a8J8BbJa37unL0borYd,"SOÑASTE CON UN DRACO","TA FACIL","Lucho RK;La Pantera",2025-11-28,201671,63,false,vnubrek2s9o1fzz7lu062vu04,2026-02-15T17:06:50Z,"","Lucho RK, La Pantera",0.781,0.708,7,-5.722,1,0.114,0.393,0,0.108,0.436,92.053,4
spotify:track:5tRP1jUuRF6H8eGEdOWdgf,"LIP SYNC","TA FACIL","Lucho RK;La Pantera",2025-11-28,165992,63,false,vnubrek2s9o1fzz7lu062vu04,2026-02-15T17:06:50Z,"","Lucho RK, La Pantera",0.603,0.685,9,-5.721,0,0.306,0.402,0,0.404,0.664,177.896,4
spotify:track:3hKxsqe22uXTQXpABbLwGN,"TU CANCION","TA FACIL","Lucho RK;La Pantera",2025-11-28,168411,59,false,vnubrek2s9o1fzz7lu062vu04,2026-02-15T17:06:50Z,"","Lucho RK, La Pantera",0.72,0.831,9,-3.237,0,0.0364,0.158,0.00000196,0.105,0.446,91.97,4
spotify:track:1ouj0AkMXny8V1su2tuoci,"TOCATE SOLA","TA FACIL","Lucho RK;La Pantera",2025-11-28,175681,68,false,vnubrek2s9o1fzz7lu062vu04,2026-02-15T17:06:50Z,"","Lucho RK, La Pantera",0.626,0.809,7,-6.285,1,0.0554,0.394,0,0.109,0.413,94.029,4
spotify:track:7wHXS6QZBsliTASlAV8nUw,"PINKY PROMISE 2","TA FACIL","La Pantera;Lucho RK;Pana YMB",2025-11-28,181374,56,false,vnubrek2s9o1fzz7lu062vu04,2026-02-15T17:06:50Z,"","Lucho RK, La Pantera",0.737,0.58,8,-7.512,0,0.328,0.638,0,0.0997,0.587,147.019,4
spotify:track:4l0Tg7oAfrml9Ho6i1FGg0,"INESTABLE","TA FACIL","Lucho RK;La Pantera",2025-11-28,155407,64,false,vnubrek2s9o1fzz7lu062vu04,2026-02-15T17:06:50Z,"","Lucho RK, La Pantera",0.576,0.406,10,-11.399,0,0.383,0.716,0.000054,0.122,0.407,127.259,5
spotify:track:3vYFpgpkQF0EY5E9h9BF1r,"CUPIDOxX","LOS DEL GLAMOÜR","Juseph;La Pantera;Lucho RK",2025-12-05,216470,65,true,vnubrek2s9o1fzz7lu062vu04,2026-02-15T17:06:59Z,"","Juseph",0.763,0.734,5,-5.669,0,0.072,0.111,0,0.243,0.874,101.971,4
spotify:track:6hFzA2zbArwtGpmTQEsxnn,"PINKY PROMISE 2","PINKY PROMISE 2","La Pantera;Lucho RK;Pana YMB",2025-11-14,181374,72,false,vnubrek2s9o1fzz7lu062vu04,2026-02-15T17:07:04Z,"","Lucho RK, La Pantera",0.737,0.58,8,-7.512,0,0.328,0.638,0,0.0997,0.587,147.019,4
spotify:track:3A3ajqQck8286nM14LEGey,"Piel de Cordero","Piel de Cordero","Quevedo;La Pantera",2021-08-07,213647,67,false,vnubrek2s9o1fzz7lu062vu04,2026-02-15T17:07:08Z,"","Rimas Entertainment LLC.",0.827,0.54,11,-10.742,0,0.228,0.458,0.0000419,0.0963,0.256,128.027,4
spotify:track:05gv3HF0BJA9yatskmDtak,"LA SANYON - TANGOS","LAGRIMAS DE UN MALEANTE","Omar Montes",2024-05-30,149502,30,false,vnubrek2s9o1fzz7lu062vu04,2026-02-15T17:07:37Z,"flamenco,flamenco urbano,flamenco pop","Sony Music Latin",0.672,0.751,9,-4.353,1,0.0661,0.117,0,0.251,0.841,93.933,4
spotify:track:4JXgo6DmNeemweUohoxQbt,"MONCLER - RUMBAS","LAGRIMAS DE UN MALEANTE","Omar Montes",2024-05-30,163179,43,false,vnubrek2s9o1fzz7lu062vu04,2026-02-15T17:07:37Z,"flamenco,flamenco urbano,flamenco pop","Sony Music Latin",0.743,0.81,7,-4.315,0,0.0535,0.0989,0,0.286,0.729,102.999,4
spotify:track:5He13aHOFkxFvYSDWxkjsG,"LA NIÑA DEL RELOJERO - BULERÍAS","LAGRIMAS DE UN MALEANTE","Omar Montes;MARÍA TOLEDO",2024-05-30,150000,28,false,vnubrek2s9o1fzz7lu062vu04,2026-02-15T17:07:37Z,"flamenco,flamenco urbano,flamenco pop","Sony Music Latin",0.743,0.752,1,-4.713,1,0.389,0.328,0,0.253,0.92,115.228,3
spotify:track:4l8lz1PeXkDnE8nPrUu8Vn,"LEGENDARY - RUMBAS","LAGRIMAS DE UN MALEANTE","Omar Montes",2024-05-30,130430,32,false,vnubrek2s9o1fzz7lu062vu04,2026-02-15T17:07:37Z,"flamenco,flamenco urbano,flamenco pop","Sony Music Latin",0.649,0.752,7,-4.85,0,0.0613,0.205,0,0.122,0.691,99.002,4
spotify:track:4a4Bq1qFg7U0XGU1kAppqP,"PUÑALÁ - TANGUILLOS","LAGRIMAS DE UN MALEANTE","Omar Montes;Kiki Morente",2024-05-30,170206,29,false,vnubrek2s9o1fzz7lu062vu04,2026-02-15T17:07:37Z,"flamenco,flamenco urbano,flamenco pop","Sony Music Latin",0.724,0.947,11,-3.161,0,0.0758,0.162,0,0.0536,0.48,88.475,3
spotify:track:2Xt5O5XKn0f3xvqIiTaIxZ,"LA SEVILLANA - SEVILLANAS","LAGRIMAS DE UN MALEANTE","Omar Montes",2024-05-30,220354,50,false,vnubrek2s9o1fzz7lu062vu04,2026-02-15T17:07:37Z,"flamenco,flamenco urbano,flamenco pop","Sony Music Latin",0.446,0.757,10,-3.593,0,0.0457,0.0584,0,0.338,0.905,126.685,4
spotify:track:7CsOowK8aWlxgjuZLW7pXA,"EL PANTALON - RUMBAS","LAGRIMAS DE UN MALEANTE","Omar Montes;Lola Indigo;Las Chuches",2024-05-30,193067,52,false,vnubrek2s9o1fzz7lu062vu04,2026-02-15T17:07:37Z,"flamenco,flamenco urbano,flamenco pop","Sony Music Latin",0.739,0.875,8,-5.247,1,0.31,0.382,0.0000771,0.206,0.775,120.05,4
spotify:track:0JbrdorcvjK68Tl3fNBdwi,"MATADOR - BULERIAS","LAGRIMAS DE UN MALEANTE","Omar Montes",2024-05-30,129054,47,false,vnubrek2s9o1fzz7lu062vu04,2026-02-15T17:07:37Z,"flamenco,flamenco urbano,flamenco pop","Sony Music Latin",0.579,0.682,6,-4.774,0,0.181,0.274,0,0.0561,0.628,197.717,3
spotify:track:7bm6gxGDh5XRbuAlMLdOpM,"EL VEYRON - RUMBAS","LAGRIMAS DE UN MALEANTE","Omar Montes",2024-05-30,148066,32,false,vnubrek2s9o1fzz7lu062vu04,2026-02-15T17:07:37Z,"flamenco,flamenco urbano,flamenco pop","Sony Music Latin",0.716,0.71,4,-5.189,0,0.0854,0.26,0,0.176,0.832,99.037,4
spotify:track:6hCnPN6HMbxbBnOFGC70Wu,"EL CANTANTE - SEVILLANAS","LAGRIMAS DE UN MALEANTE","Omar Montes",2024-05-30,118983,32,false,vnubrek2s9o1fzz7lu062vu04,2026-02-15T17:07:37Z,"flamenco,flamenco urbano,flamenco pop","Sony Music Latin",0.6,0.733,7,-4.644,0,0.0734,0.232,0,0.272,0.846,176.934,3
spotify:track:0B6zLhISm0afsdGWOrZsoX,"PACQUIAO (feat. Israel Fernández) - BULERIAS","LAGRIMAS DE UN MALEANTE","Omar Montes;Israel Fernández",2024-05-30,158946,33,false,vnubrek2s9o1fzz7lu062vu04,2026-02-15T17:07:37Z,"flamenco,flamenco urbano,flamenco pop","Sony Music Latin",0.339,0.523,1,-5.125,0,0.0399,0.399,0,0.123,0.247,82.387,5
spotify:track:6RyuoOJXNzlVWpfC5xQyeI,"Alocao (With Bad Gyal)","Alocao (With Bad Gyal)","Omar Montes;Bad Gyal",2019-10-24,209320,59,false,vnubrek2s9o1fzz7lu062vu04,2026-02-15T17:08:00Z,"flamenco,flamenco urbano,flamenco pop,neoperreo","Bad Gyal Aftercluv/Interscope",0.673,0.752,11,-4.705,0,0.0567,0.214,0.00000153,0.106,0.699,178.005,4
spotify:track:49kkoKoXAnjNRlxot1ZnlW,"YOTULOKO","YOTULOKO","Omar Montes;Rels B",2024-07-11,213699,59,false,vnubrek2s9o1fzz7lu062vu04,2026-02-15T17:08:04Z,"flamenco,flamenco urbano,flamenco pop,trap latino,urbano latino","Sony Music Latin",0.807,0.729,1,-4.077,0,0.0683,0.0794,0.00000253,0.039,0.666,97.02,4
spotify:track:5iilNoD56jD3FJ3bM9tMP0,"Arena y Sal","Arena y Sal","Omar Montes;SAIKO;Tunvao",2023-05-18,174415,58,false,vnubrek2s9o1fzz7lu062vu04,2026-02-15T17:08:08Z,"flamenco,flamenco urbano,flamenco pop","Sony Music Latin",0.722,0.782,5,-5.963,0,0.0524,0.598,0.00165,0.124,0.762,117.996,4
spotify:track:1y4goO087kSh2rI6hYQK4Z,"La Rubia - Remix 2","La Rubia (Remix 2)","La Nueva Escuela;Omar Montes",2019-08-19,210860,58,false,vnubrek2s9o1fzz7lu062vu04,2026-02-15T17:08:12Z,"dembow,flamenco,flamenco urbano,flamenco pop","829Music Mundial LLC",0.759,0.717,7,-4.194,1,0.133,0.319,0.00000657,0.378,0.761,109.888,4
spotify:track:4sykJxUsqdXZRqRv1J9fEQ,"Goteras","Goteras","Omar Montes;JC Reyes",2024-06-27,216450,62,false,vnubrek2s9o1fzz7lu062vu04,2026-02-15T17:08:18Z,"flamenco,flamenco urbano,flamenco pop","Sony Music Latin",0.633,0.815,6,-2.94,0,0.0635,0.406,0,0.16,0.353,95.953,4
spotify:track:4sbStZR5h3l5puBuXRVkkA,"Prendio - Remix","Prendio (Remix)","Rvfv;Omar Montes;Daviles de Novelda",2019-12-20,191184,60,false,vnubrek2s9o1fzz7lu062vu04,2026-02-15T17:08:22Z,"flamenco urbano,flamenco,flamenco pop","NASTU MUSIC",0.751,0.76,4,-5.676,0,0.0609,0.189,0,0.0817,0.756,125.061,4
spotify:track:68qjM8nSoUj8YQOJuu6hZ8,"YO LO SOÑÉ","SAKURA","SAIKO;Omar Montes",2024-04-26,175456,54,false,vnubrek2s9o1fzz7lu062vu04,2026-02-15T17:08:26Z,"flamenco,flamenco urbano,flamenco pop","2024 SAIKONETA",0.549,0.707,6,-3.439,0,0.151,0.424,0,0.326,0.549,131.887,4
spotify:track:6gCgV81Yoq9Iwt3GdEjVJg,"Cenizienta","Cenizienta","Arce;Omar Montes",2025-11-28,149000,44,true,vnubrek2s9o1fzz7lu062vu04,2026-02-15T17:08:34Z,"flamenco,flamenco urbano,flamenco pop","BMG Rights Management and Administration (Spain) S.L.U",0.765,0.57,10,-7.312,0,0.065,0.227,0,0.0925,0.309,99.902,4
spotify:track:5dcBuuNQyBjRrWNbCXICPW,"Corolla","Corolla","Kidd Voodoo;Omar Montes",2025-08-06,203842,32,true,vnubrek2s9o1fzz7lu062vu04,2026-02-15T17:08:43Z,"reggaetón chileno,trap chileno,flamenco,flamenco urbano,flamenco pop","Kidd Voodoo",0.758,0.735,7,-6.093,0,0.0486,0.431,0,0.119,0.773,95.017,4
spotify:track:3GaGWoU1KfVqgl7vnRHP55,"Demasiadas Mujeres","El Madrileño","C. Tangana",2021-02-26,153960,72,false,vnubrek2s9o1fzz7lu062vu04,2026-02-15T17:08:53Z,"","Sony Music Entertainment",0.658,0.453,9,-7.378,0,0.39,0.131,0.0002,0.0848,0.358,126.043,4
spotify:track:5ddFjrPG8NgQQ6xlOQIVd2,"Tú Me Dejaste De Querer","El Madrileño","C. Tangana;Niño de Elche;La Húngara",2021-02-26,198493,74,false,vnubrek2s9o1fzz7lu062vu04,2026-02-15T17:08:53Z,"flamenco,flamenco pop,flamenco urbano","Sony Music Entertainment",0.823,0.723,4,-4.778,0,0.229,0.311,0.00315,0.0998,0.505,83.97,4
spotify:track:6RUr6r5OexrMOYDtgu1QtS,"Comerte Entera","El Madrileño","C. Tangana;Toquinho",2021-02-26,174480,62,false,vnubrek2s9o1fzz7lu062vu04,2026-02-15T17:08:53Z,"bossa nova,mpb,jazz brasileño,samba","Sony Music Entertainment",0.824,0.399,2,-7.299,0,0.106,0.516,0.00000191,0.243,0.345,124.085,4
spotify:track:6N4ioa3XSbvjmwdVEERl8F,"Nunca Estoy","El Madrileño","C. Tangana",2021-02-26,162493,66,false,vnubrek2s9o1fzz7lu062vu04,2026-02-15T17:08:53Z,"","Sony Music Entertainment",0.913,0.369,2,-5.299,1,0.12,0.476,0.00609,0.309,0.436,135.019,4
spotify:track:5gEUDNQvoQjdjklrwPdGwD,"Párteme La Cara","El Madrileño","C. Tangana;Ed Maverick",2021-02-26,167866,62,false,vnubrek2s9o1fzz7lu062vu04,2026-02-15T17:08:53Z,"indie mexicano,folk latino","Sony Music Entertainment",0.761,0.296,0,-10.22,1,0.0484,0.551,0.000492,0.134,0.579,127.938,4
spotify:track:3SK45LddxlEkzI8OWO9Eyo,"Ingobernable","El Madrileño","C. Tangana;Gipsy Kings;Nicolás Reyes;Tonino Baliardo",2021-02-26,187053,70,false,vnubrek2s9o1fzz7lu062vu04,2026-02-15T17:08:53Z,"flamenco,flamenco pop,flamenco urbano","Sony Music Entertainment",0.705,0.757,6,-5.608,0,0.0656,0.195,0.000228,0.0524,0.737,104.973,4
spotify:track:5SkiVFWCP3NPEgNk3PaL2I,"Nominao","El Madrileño","C. Tangana;Jorge Drexler",2021-02-26,176186,55,false,vnubrek2s9o1fzz7lu062vu04,2026-02-15T17:08:53Z,"trova,cantautores,folk latino,nueva trova,candombe","Sony Music Entertainment",0.679,0.36,9,-6.54,0,0.247,0.596,0.00000299,0.107,0.72,176.093,4
spotify:track:4wNxcizGKSTfKm1emmO4yk,"Un Veneno - G-Mix","El Madrileño","C. Tangana;José Feliciano;Niño de Elche",2021-02-26,193693,52,false,vnubrek2s9o1fzz7lu062vu04,2026-02-15T17:08:53Z,"navidad,bolero,villancicos,flamenco","Sony Music Entertainment",0.521,0.45,2,-7.339,1,0.0913,0.773,0.000348,0.115,0.58,81.376,4
spotify:track:6Nr40AS5eNsfFjpMrisCY3,"Te Olvidaste","El Madrileño","C. Tangana;Omar Apollo",2021-02-26,187520,56,true,vnubrek2s9o1fzz7lu062vu04,2026-02-15T17:08:53Z,"bedroom pop","Sony Music Entertainment",0.795,0.361,3,-10.701,0,0.227,0.625,0.00477,0.114,0.346,88.036,4
spotify:track:740uwCK09xVPNPr4hFpcWW,"Muriendo De Envidia","El Madrileño","C. Tangana;Eliades Ochoa",2021-02-26,182640,57,false,vnubrek2s9o1fzz7lu062vu04,2026-02-15T17:08:53Z,"son cubano,jazz afrocubano,bolero","Sony Music Entertainment",0.845,0.717,0,-6.773,1,0.359,0.428,0.0023,0.0822,0.255,93.997,4
spotify:track:5cNJO43VKHxD0XGbkhboZu,"CAMBIA!","El Madrileño","C. Tangana;Carín León;Adriel Favela",2021-02-26,188093,54,false,vnubrek2s9o1fzz7lu062vu04,2026-02-15T17:08:53Z,"banda,norteño,sierreño,corrido,ranchera,grupera,sad sierreño,corridos tumbados,corridos bélicos","Sony Music Entertainment",0.557,0.687,2,-4.721,1,0.0814,0.551,0.0000528,0.0975,0.638,105.508,3
spotify:track:4NdjM90OrP4wuHsecOMXlg,"Cuándo Olvidaré","El Madrileño","C. Tangana;Pepe Blanco",2021-02-26,189560,52,false,vnubrek2s9o1fzz7lu062vu04,2026-02-15T17:08:53Z,"","Sony Music Entertainment",0.726,0.323,5,-9.322,0,0.185,0.818,0.00000103,0.0999,0.461,95.803,4
spotify:track:4DoEHKWh8k6vYDleECQkJx,"Los Tontos","El Madrileño","C. Tangana;Kiko Veneno",2021-02-26,192786,59,false,vnubrek2s9o1fzz7lu062vu04,2026-02-15T17:08:53Z,"flamenco,flamenco pop","Sony Music Entertainment",0.798,0.715,9,-5.712,0,0.187,0.365,0.00000208,0.142,0.895,105.995,4
spotify:track:4kD4ZzJ1rZIVfJ9qw85CVT,"Hong Kong","El Madrileño","C. Tangana;Andrés Calamaro",2021-02-26,203506,52,false,vnubrek2s9o1fzz7lu062vu04,2026-02-15T17:08:53Z,"rock argentino,rock en español,rock latino","Sony Music Entertainment",0.649,0.376,4,-7.528,1,0.039,0.0626,0.0000272,0.0911,0.434,97.848,4
spotify:track:4U0Cx2oGeiUQQCmCByQDxE,"Llorando en la Limo (feat. Alizzz)","Avida Dollars","C. Tangana;Alizzz",2018-04-20,139354,61,true,vnubrek2s9o1fzz7lu062vu04,2026-02-15T17:09:18Z,"","Sony Music Entertainment",0.791,0.415,9,-8.485,0,0.179,0.0392,0.00000616,0.245,0.397,155.022,3
spotify:track:2oZYkDEyOhvEwuLHD3M7Sj,"Inditex","Ídolo","C. Tangana",2017-10-05,203420,50,true,vnubrek2s9o1fzz7lu062vu04,2026-02-15T17:09:31Z,"","Sony Music Entertainment",0.793,0.658,8,-5.489,1,0.0519,0.212,0,0.108,0.496,130.044,4
spotify:track:0HkLxd8oNOo5BFQsIvtkvO,"Intoxicao","Ídolo","C. Tangana",2017-10-05,206692,53,true,vnubrek2s9o1fzz7lu062vu04,2026-02-15T17:09:35Z,"","Sony Music Entertainment",0.737,0.582,0,-7.967,0,0.0581,0.462,0.000126,0.257,0.29,92.008,4
spotify:track:067QpM2xLhK24hTiovC3Zo,"Mala Mujer","Ídolo","C. Tangana",2017-10-05,222896,71,false,vnubrek2s9o1fzz7lu062vu04,2026-02-15T17:09:39Z,"","Sony Music Entertainment",0.838,0.748,0,-4.551,0,0.129,0.231,0.0000176,0.0692,0.473,101.001,4
spotify:track:3xNMMrXGcFIg06FfTVxod9,"Pa Que Brille","Ídolo","C. Tangana",2017-10-05,199850,54,true,vnubrek2s9o1fzz7lu062vu04,2026-02-15T17:09:43Z,"","Sony Music Entertainment",0.615,0.824,5,-5.006,0,0.0408,0.118,0.00000673,0.131,0.354,152.073,4
spotify:track:1TnYnrv0lVfbxywXssT9zN,"Pop Ur Pussy","Ídolo","C. Tangana",2017-10-05,217272,38,true,vnubrek2s9o1fzz7lu062vu04,2026-02-15T17:09:48Z,"","Sony Music Entertainment",0.691,0.611,5,-5.504,0,0.141,0.0922,0.000315,0.129,0.491,189.933,4
spotify:track:4n1WwhKzKHUX598tvU1wMu,"SAOKO","MOTOMAMI +","ROSALÍA",2022-09-09,137533,48,true,vnubrek2s9o1fzz7lu062vu04,2026-02-15T17:10:09Z,"latina","Columbia",0.835,0.772,0,-5.711,1,0.247,0.793,0.0000201,0.515,0.683,100.034,4
spotify:track:77VjuBo3CJbamC3gzaUzK9,"LA FAMA","MOTOMAMI +","ROSALÍA;The Weeknd",2022-09-09,188121,51,false,vnubrek2s9o1fzz7lu062vu04,2026-02-15T17:10:12Z,"latina","Columbia",0.769,0.299,0,-7.909,0,0.0491,0.944,0.0000369,0.122,0.805,135.985,4
spotify:track:5OzQJGSICWovSJI3OFydQ9,"CHICKEN TERIYAKI","MOTOMAMI +","ROSALÍA",2022-09-09,122209,45,false,vnubrek2s9o1fzz7lu062vu04,2026-02-15T17:10:16Z,"latina","Columbia",0.79,0.39,2,-6.492,1,0.123,0.437,0.0000586,0.103,0.583,98.036,4
spotify:track:7EJcb4e5T2vDsaPWR7yEb4,"G3 N15","MOTOMAMI +","ROSALÍA",2022-09-09,252121,43,false,vnubrek2s9o1fzz7lu062vu04,2026-02-15T17:10:21Z,"latina","Columbia",0.448,0.0681,0,-16.357,1,0.0489,0.965,0.000136,0.112,0.101,94.245,4
spotify:track:6YbC5s56zWKObDIRZnAIbY,"DELIRIO DE GRANDEZA","MOTOMAMI +","ROSALÍA",2022-09-09,155436,42,false,vnubrek2s9o1fzz7lu062vu04,2026-02-15T17:10:26Z,"latina","Columbia",0.644,0.248,1,-10.792,1,0.034,0.874,0.0000409,0.376,0.29,101.582,4
spotify:track:4KkVsKSeAVluB6aG6QNCGG,"COMO UN G","MOTOMAMI +","ROSALÍA",2022-09-09,262104,45,false,vnubrek2s9o1fzz7lu062vu04,2026-02-15T17:10:32Z,"latina","Columbia",0.493,0.126,7,-14.323,0,0.0454,0.96,0.0000113,0.225,0.221,63.818,4
spotify:track:3VjCEyc0bHfa4Ie34kbWyb,"CANDY - Remix","MOTOMAMI +","ROSALÍA;Chencho Corleone",2022-09-09,204654,57,false,vnubrek2s9o1fzz7lu062vu04,2026-02-15T17:10:36Z,"latina,reggaetón","Columbia",0.738,0.674,4,-3.837,0,0.179,0.727,0.00229,0.0815,0.556,179.979,4
spotify:track:1B0BQaSRHxhI0AUlItY3LK,"MALAMENTE - Cap.1: Augurio","El Mal Querer","ROSALÍA",2018-11-02,150027,67,false,vnubrek2s9o1fzz7lu062vu04,2026-02-15T17:10:56Z,"latina","Columbia",0.893,0.482,0,-4.779,0,0.0873,0.549,0.0164,0.0752,0.53,97.975,4
spotify:track:5r8mGKhCDIVWb3AG4hm0l0,"PIENSO EN TU MIRÁ - Cap.3: Celos","El Mal Querer","ROSALÍA",2018-11-02,193767,67,false,vnubrek2s9o1fzz7lu062vu04,2026-02-15T17:11:01Z,"latina","Columbia",0.647,0.676,8,-6.025,1,0.0862,0.0909,0.0227,0.0947,0.41,164.51,3
spotify:track:6HpgdL4zUpuyXCzvAhgR5a,"QUE NO SALGA LA LUNA - Cap.2: Boda","El Mal Querer","ROSALÍA",2018-11-02,269538,55,false,vnubrek2s9o1fzz7lu062vu04,2026-02-15T17:11:04Z,"latina","Columbia",0.625,0.655,9,-5.992,0,0.112,0.763,0.000126,0.378,0.485,121.075,3
spotify:track:4ORvXsPK9AJmDzm36BYcdy,"Reliquia","LUX","ROSALÍA",2025-11-07,230240,79,false,vnubrek2s9o1fzz7lu062vu04,2026-02-15T17:11:19Z,"latina","Columbia",0.502,0.424,0,-8.463,1,0.162,0.871,0.00137,0.154,0.576,104.017,4
spotify:track:4oVO4fGNRRvEn0CRuFO4qv,"La Perla","LUX","ROSALÍA;Yahritza Y Su Esencia",2025-11-07,195546,89,true,vnubrek2s9o1fzz7lu062vu04,2026-02-15T17:11:26Z,"latina,sad sierreño,música mexicana,banda","Columbia",0.651,0.335,4,-6.008,1,0.0584,0.906,0,0.119,0.427,146.974,3
spotify:track:6FdOGTRYvLCJ79d55YtGgZ,"Dios Es Un Stalker","LUX","ROSALÍA",2025-11-07,130506,75,false,vnubrek2s9o1fzz7lu062vu04,2026-02-15T17:11:30Z,"latina","Columbia",0.662,0.476,1,-6.652,1,0.0786,0.65,0.00000579,0.544,0.626,97.366,4
spotify:track:7o76sIawH9bRWsltcWfQfd,"La Rumba Del Perdón","LUX","ROSALÍA;Estrella Morente;Sílvia Pérez Cruz",2025-11-07,251986,71,false,vnubrek2s9o1fzz7lu062vu04,2026-02-15T17:11:35Z,"latina,flamenco,flamenco pop","Columbia",0.512,0.376,7,-7.487,0,0.0863,0.707,0.00000236,0.0833,0.415,94.972,4
spotify:track:7JKpS5rKsKWeVPZ0ojBqv9,"La Yugular","LUX","ROSALÍA",2025-11-07,258613,73,false,vnubrek2s9o1fzz7lu062vu04,2026-02-15T17:11:40Z,"latina","Columbia",0.471,0.155,5,-11.031,0,0.0641,0.864,0.00000641,0.129,0.414,143.729,1
spotify:track:1LFM6gtGwcTe8CXX6y1IK2,"Mundo Nuevo","LUX","ROSALÍA",2025-11-07,140373,70,false,vnubrek2s9o1fzz7lu062vu04,2026-02-15T17:11:46Z,"latina","Columbia",0.234,0.131,7,-10.566,1,0.0427,0.865,0.00453,0.163,0.0381,83.137,3
spotify:track:1dp0MRcrgCxEESP1LrF2yA,"Sexo, Violencia y Llantas","LUX","ROSALÍA",2025-11-07,140760,76,false,vnubrek2s9o1fzz7lu062vu04,2026-02-15T17:11:56Z,"latina","Columbia",0.323,0.11,2,-12.144,0,0.0429,0.954,0.0000155,0.116,0.153,80.059,3
spotify:track:2qG5sZ7Si6sdK74qLxedYM,"Con Altura","Con Altura","ROSALÍA;J Balvin;El Guincho",2019-03-28,161626,70,false,vnubrek2s9o1fzz7lu062vu04,2026-02-15T17:12:05Z,"latina,reggaetón","Columbia",0.882,0.689,6,-4.027,1,0.124,0.39,0.00325,0.0501,0.746,97.963,4
spotify:track:7BlBVFwvbWvcwNcUarQmjk,"Yo x Ti, Tu x Mi","Yo x Ti, Tu x Mi","ROSALÍA;Ozuna",2019-08-15,201040,75,false,vnubrek2s9o1fzz7lu062vu04,2026-02-15T17:12:12Z,"latina,reggaetón,trap latino,urbano latino","Columbia",0.78,0.759,1,-3.292,1,0.225,0.462,0.000868,0.143,0.579,91.952,4
spotify:track:609E1JCInJncactoMmkDon,"BESO","RR","ROSALÍA;Rauw Alejandro",2023-03-24,194543,80,false,vnubrek2s9o1fzz7lu062vu04,2026-02-15T17:12:16Z,"latina,reggaetón,trap latino,urbano latino","Columbia Records/Duars Entertainment/Sony Music Latin",0.768,0.644,5,-6.671,0,0.136,0.736,0.000837,0.173,0.53,95.05,4
spotify:track:4YkdbqesiPQbSpfxoljSRQ,"KINKI FÍGARO","DAISY","rusowsky;Jean Dawson",2025-05-23,138413,50,true,vnubrek2s9o1fzz7lu062vu04,2026-02-15T17:12:40Z,"neoperreo","Rusia-IDK/Warner Records",0.489,0.402,5,-8.43,1,0.1,0.725,0.0000459,0.303,0.109,120.024,4
spotify:track:4YZhsgOBQtKvxZWjVuJD9H,"Johnny Glamour","DAISY","rusowsky;Las Ketchup",2025-05-23,141109,68,false,vnubrek2s9o1fzz7lu062vu04,2026-02-15T17:12:40Z,"neoperreo","Rusia-IDK/Warner Records",0.774,0.807,7,-6.802,1,0.0827,0.554,0.835,0.142,0.456,107.016,4
spotify:track:24fwLB47pPPSnMTs9Q3jHj,"SOPHIA","DAISY","rusowsky",2025-05-23,184689,58,false,vnubrek2s9o1fzz7lu062vu04,2026-02-15T17:12:40Z,"neoperreo","Rusia-IDK/Warner Records",0.561,0.731,6,-8.031,1,0.0287,0.569,0.317,0.272,0.563,115.975,4
spotify:track:0sVAsg0GP4JZHKn1Ohsiw0,"BBY ROMEO","DAISY","rusowsky;Ralphie Choo",2025-05-23,198715,66,false,vnubrek2s9o1fzz7lu062vu04,2026-02-15T17:12:40Z,"neoperreo","Rusia-IDK/Warner Records",0.604,0.498,0,-8.707,1,0.0407,0.742,0,0.169,0.462,73.992,4
spotify:track:5jysHNTiZcXz83qaIXl3vf,"pink + pink","DAISY","rusowsky;Ravyn Lenae",2025-05-23,182116,65,false,vnubrek2s9o1fzz7lu062vu04,2026-02-15T17:12:40Z,"neoperreo,r&b alternativo,indie soul","Rusia-IDK/Warner Records",0.81,0.609,4,-7.725,0,0.0982,0.414,0.58,0.111,0.768,107.957,4
spotify:track:5VwJPKzx3uyQz0k4WftaSU,"ALTAGAMA","DAISY","rusowsky",2025-05-23,150360,59,false,vnubrek2s9o1fzz7lu062vu04,2026-02-15T17:12:40Z,"neoperreo","Rusia-IDK/Warner Records",0.637,0.394,6,-8.435,1,0.0245,0.78,0.68,0.114,0.334,104.986,4
spotify:track:2YxPhQ1j59g44BKvGWobUE,"4 Daisy","DAISY","rusowsky",2025-05-23,234184,58,false,vnubrek2s9o1fzz7lu062vu04,2026-02-15T17:12:40Z,"neoperreo","Rusia-IDK/Warner Records",0.431,0.407,11,-10.028,1,0.0259,0.946,0.458,0.152,0.46,87,4
spotify:track:4uulymZhmebsjKedRaJ1gQ,"malibU","DAISY","rusowsky",2025-05-23,215250,76,false,vnubrek2s9o1fzz7lu062vu04,2026-02-15T17:12:40Z,"neoperreo","Rusia-IDK/Warner Records",0.677,0.537,7,-7.814,1,0.0274,0.74,0.0000169,0.16,0.896,126.015,4
spotify:track:6AOQxwQWLrsG6wBZuRF4K4,"LIAR?","DAISY","rusowsky;Kevin Abstract",2025-05-23,205881,50,false,vnubrek2s9o1fzz7lu062vu04,2026-02-15T17:12:40Z,"neoperreo","Rusia-IDK/Warner Records",0.623,0.597,8,-6.741,1,0.0275,0.69,0,0.347,0.882,132.95,4
spotify:track:6MNpKQBu98xOz5LpPQjyrU,"(ecco)","DAISY","rusowsky",2025-05-23,206184,54,false,vnubrek2s9o1fzz7lu062vu04,2026-02-15T17:12:40Z,"neoperreo","Rusia-IDK/Warner Records",0.505,0.268,8,-10.503,1,0.0277,0.921,0.714,0.127,0.0738,105.932,4
spotify:track:4N8lCBiHuYMc1jfEPHeiWf,"sukkKK!!","DAISY","rusowsky;La Zowi",2025-05-23,103074,49,true,vnubrek2s9o1fzz7lu062vu04,2026-02-15T17:12:40Z,"neoperreo","Rusia-IDK/Warner Records",0.752,0.535,7,-5.935,1,0.366,0.0344,0.0000664,0.0598,0.872,97.053,4
spotify:track:5Wpn5KSacKrgVBB2pYbTeo,"project tu culo","DAISY","rusowsky",2025-05-23,168443,51,false,vnubrek2s9o1fzz7lu062vu04,2026-02-15T17:12:40Z,"neoperreo","Rusia-IDK/Warner Records",0.495,0.456,3,-9.663,1,0.0316,0.882,0.901,0.103,0.241,109.535,3
spotify:track:6AWnhrQQMRRnwNtQ6OYNhC,"99%","DAISY","rusowsky",2025-05-23,202005,51,true,vnubrek2s9o1fzz7lu062vu04,2026-02-15T17:12:40Z,"neoperreo","Rusia-IDK/Warner Records",0.53,0.44,6,-8.736,1,0.0286,0.939,0.026,0.0855,0.191,128.06,4
spotify:track:7zoVtzzASRtacCvgQKLFaS,"neo roneo","neo roneo","rusowsky;LATIN MAFIA",2024-08-23,166704,71,false,vnubrek2s9o1fzz7lu062vu04,2026-02-15T17:12:59Z,"neoperreo,r&b latino","Rusia-IDK/Warner Records",0.746,0.374,0,-11.094,1,0.0312,0.873,0.134,0.114,0.607,107.044,4
spotify:track:3zwcndaTJ3WOUcQKHH4Nkj,"LOTO","LOTO","rusowsky",2023-09-01,166493,50,false,vnubrek2s9o1fzz7lu062vu04,2026-02-15T17:13:09Z,"neoperreo","Rusowsky",0.661,0.519,6,-9.41,1,0.0274,0.694,0.0000377,0.116,0.647,129.911,3
spotify:track:4DOWOEtjpnmPaBIr5aoj56,"brujita","BABAYAGA","rusowsky;Saramalacara",2023-03-17,159732,57,false,vnubrek2s9o1fzz7lu062vu04,2026-02-15T17:13:16Z,"neoperreo,hyperpop,trap argentino","Rusowsky",0.387,0.479,4,-9.117,1,0.0581,0.867,0.927,0.122,0.486,182.104,4
spotify:track:25J3ZyeTq1dENbRObWHDjx,"q bonito","q bonito","rusowsky",2022-10-07,84255,57,false,vnubrek2s9o1fzz7lu062vu04,2026-02-15T17:13:23Z,"neoperreo","Rusowsky",0.51,0.486,9,-11.858,1,0.0331,0.839,0.583,0.123,0.334,93.968,4
spotify:track:0OK4Dhc10O8cTXdesihLGL,"mwah :3","mwah :3","rusowsky;Dinamarca",2022-05-13,122377,65,false,vnubrek2s9o1fzz7lu062vu04,2026-02-15T17:13:33Z,"neoperreo","Rusowsky",0.591,0.648,8,-7.77,1,0.209,0.916,0.414,0.0885,0.712,139.974,4
